YR,MO,DA,HHMM,Day,Day,S,Bx,By,Bz,Bt,Lat.,Long.
2003,10,29,0000,52941,0,0,4.4,3.2,-7.7,9.4,-54.7,35.8
2003,10,29,0001,52941,60,0,5.7,3.4,-6.6,9.3,-44.9,30.6
2003,10,29,0002,52941,120,0,5.6,5.7,-4.5,9.2,-29.4,45.2
2003,10,29,0003,52941,180,0,4.2,6.1,-5.4,9.2,-36.1,55.0
2003,10,29,0004,52941,240,0,1.6,7.8,-4.5,9.1,-29.4,78.3
2003,10,29,0005,52941,300,0,6.3,6.2,-1.1,8.9,-7.1,44.4
2003,10,29,0006,52941,360,0,7.5,2.2,3.1,8.5,21.7,16.0
2003,10,29,0007,52941,420,0,7.5,2.9,-2.8,8.5,-19.6,21.5
2003,10,29,0008,52941,480,0,9.0,0.8,-1.7,9.2,-10.3,5.0
2003,10,29,0009,52941,540,0,8.5,2.1,-2.6,9.2,-16.4,13.9
2003,10,29,0010,52941,600,0,8.8,1.8,-2.4,9.3,-15.1,11.3
2003,10,29,0011,52941,660,0,8.6,0.8,-2.6,9.1,-16.8,5.5
2003,10,29,0012,52941,720,0,8.8,1.1,-2.8,9.3,-17.7,6.9
2003,10,29,0013,52941,780,0,8.0,-1.4,-4.9,9.5,-30.8,349.9
2003,10,29,0014,52941,840,0,7.7,-1.1,-5.3,9.4,-34.5,352.0
2003,10,29,0015,52941,900,0,6.9,0.2,-5.5,8.8,-38.4,1.3
2003,10,29,0016,52941,960,0,8.4,-0.4,-3.6,9.1,-23.1,356.9
2003,10,29,0017,52941,1020,0,8.5,-3.2,-2.4,9.4,-14.9,339.3
2003,10,29,0018,52941,1080,0,6.6,-3.8,-4.2,8.6,-29.1,330.2
2003,10,29,0019,52941,1140,0,6.8,-5.2,-3.3,9.2,-21.0,322.6
2003,10,29,0020,52941,1200,0,7.6,-4.1,-3.2,9.2,-20.4,331.2
2003,10,29,0021,52941,1260,0,6.6,-4.8,-3.9,9.0,-25.3,324.1
2003,10,29,0022,52941,1320,0,4.0,4.2,-5.4,7.9,-42.8,46.5
2003,10,29,0023,52941,1380,0,3.4,7.0,-4.9,9.1,-32.2,64.1
2003,10,29,0024,52941,1440,0,5.3,7.3,-2.0,9.2,-12.5,53.9
2003,10,29,0025,52941,1500,0,5.7,4.2,-4.8,8.5,-33.8,36.5
2003,10,29,0026,52941,1560,0,7.3,-1.7,-6.3,9.7,-40.2,346.9
2003,10,29,0027,52941,1620,0,8.3,-1.4,-4.8,9.7,-29.5,350.5
2003,10,29,0028,52941,1680,0,8.3,-2.0,-3.7,9.3,-23.6,346.1
2003,10,29,0029,52941,1740,0,6.9,-1.2,-5.9,9.2,-40.4,350.1
2003,10,29,0030,52941,1800,0,5.2,-0.8,-7.3,9.0,-54.4,351.0
2003,10,29,0031,52941,1860,0,6.3,-2.2,-5.6,8.7,-39.9,341.0
2003,10,29,0032,52941,1920,0,7.9,-2.1,-3.9,9.1,-25.6,345.3
2003,10,29,0033,52941,1980,0,8.2,1.0,-3.7,9.0,-24.0,6.6
2003,10,29,0034,52941,2040,0,6.7,2.8,-5.0,8.8,-34.7,22.4
2003,10,29,0035,52941,2100,0,6.9,3.2,-5.0,9.1,-33.6,24.8
2003,10,29,0036,52941,2160,0,5.4,4.4,-5.7,9.0,-39.2,39.6
2003,10,29,0037,52941,2220,0,4.1,5.5,-6.2,9.2,-42.0,53.3
2003,10,29,0038,52941,2280,0,4.4,5.6,-6.0,9.3,-39.9,51.9
2003,10,29,0039,52941,2340,0,7.5,1.9,-5.7,9.6,-36.6,14.3
2003,10,29,0040,52941,2400,0,8.3,-1.9,-3.6,9.3,-22.8,347.0
2003,10,29,0041,52941,2460,0,9.4,-0.2,-2.0,9.7,-12.2,358.8
2003,10,29,0042,52941,2520,0,9.1,1.7,-2.6,9.6,-15.7,10.7
2003,10,29,0043,52941,2580,0,7.4,-2.8,-3.1,8.5,-21.7,339.1
2003,10,29,0044,52941,2640,0,6.3,-5.5,-4.4,9.4,-27.8,319.1
2003,10,29,0045,52941,2700,0,5.4,-5.9,-5.0,9.5,-31.9,312.6
2003,10,29,0046,52941,2760,0,3.5,-6.0,-5.8,9.0,-39.8,299.9
2003,10,29,0047,52941,2820,0,4.8,-5.0,-5.6,8.9,-39.0,313.8
2003,10,29,0048,52941,2880,0,6.9,-3.1,-4.7,8.9,-32.1,335.7
2003,10,29,0049,52941,2940,0,6.8,-0.1,-6.0,9.0,-41.4,359.0
2003,10,29,0050,52941,3000,0,8.9,-1.9,-2.5,9.4,-15.6,347.9
2003,10,29,0051,52941,3060,0,8.7,-1.3,-4.0,9.6,-24.3,351.4
2003,10,29,0052,52941,3120,0,8.5,2.0,-3.7,9.5,-23.0,13.3
2003,10,29,0053,52941,3180,0,7.4,0.6,-2.5,7.9,-18.5,4.9
2003,10,29,0054,52941,3240,0,7.6,-5.8,-1.7,9.7,-9.9,322.5
2003,10,29,0055,52941,3300,0,6.6,-5.7,-4.1,9.6,-25.0,318.8
2003,10,29,0056,52941,3360,0,6.4,-2.9,-6.7,9.7,-43.9,335.7
2003,10,29,0057,52941,3420,0,7.8,-2.3,-4.5,9.3,-28.8,343.6
2003,10,29,0058,52941,3480,0,8.8,0.8,-3.2,9.4,-20.0,5.5
2003,10,29,0059,52941,3540,0,8.3,-1.0,-4.6,9.5,-28.8,352.9
2003,10,29,0100,52941,3600,0,7.8,-3.3,-4.8,9.7,-29.3,337.2
2003,10,29,0101,52941,3660,0,7.5,-6.3,-0.9,9.9,-5.5,320.3
2003,10,29,0102,52941,3720,0,8.7,-4.3,-2.6,10.0,-15.0,333.5
2003,10,29,0103,52941,3780,0,8.6,-3.9,-2.7,9.9,-16.0,335.4
2003,10,29,0104,52941,3840,0,9.2,-3.0,-2.5,10.0,-14.4,342.1
2003,10,29,0105,52941,3900,0,8.8,-4.0,-2.4,9.9,-13.9,335.6
2003,10,29,0106,52941,3960,0,9.3,-2.2,-2.2,9.8,-13.1,347.0
2003,10,29,0107,52941,4020,0,9.5,-2.0,-1.6,9.9,-9.2,348.1
2003,10,29,0108,52941,4080,0,9.6,-1.8,-0.9,9.8,-5.5,349.5
2003,10,29,0109,52941,4140,0,8.0,-2.3,-4.3,9.3,-27.4,344.1
2003,10,29,0110,52941,4200,0,7.3,-3.7,-4.8,9.5,-30.2,332.9
2003,10,29,0111,52941,4260,0,8.4,-4.5,-3.0,10.0,-17.4,331.9
2003,10,29,0112,52941,4320,0,8.1,-2.9,-4.3,9.6,-26.8,340.1
2003,10,29,0113,52941,4380,0,9.2,-3.8,1.3,10.0,7.2,337.5
2003,10,29,0114,52941,4440,0,8.3,-1.7,4.4,9.5,27.3,348.4
2003,10,29,0115,52941,4500,0,8.1,-2.6,4.4,9.6,26.9,342.0
2003,10,29,0116,52941,4560,0,9.7,-0.4,1.2,9.7,7.0,357.8
2003,10,29,0117,52941,4620,0,8.3,0.9,-3.2,9.0,-20.9,6.4
2003,10,29,0118,52941,4680,0,8.6,-1.4,-0.3,8.7,-1.8,350.8
2003,10,29,0119,52941,4740,0,9.4,-3.2,2.2,10.1,12.6,341.0
2003,10,29,0120,52941,4800,0,8.8,-5.2,0.3,10.2,1.8,329.5
2003,10,29,0121,52941,4860,0,7.0,-0.7,4.8,8.5,34.4,353.9
2003,10,29,0122,52941,4920,0,3.2,1.8,9.2,9.9,68.2,29.0
2003,10,29,0123,52941,4980,0,2.9,0.5,9.4,9.9,72.6,9.5
2003,10,29,0124,52941,5040,0,4.2,0.2,8.8,9.7,64.6,2.7
2003,10,29,0125,52941,5100,0,4.9,0.2,8.4,9.7,59.5,2.1
2003,10,29,0126,52941,5160,0,6.5,0.0,6.8,9.4,46.4,0.2
2003,10,29,0127,52941,5220,0,8.0,-0.7,5.1,9.5,32.3,355.2
2003,10,29,0128,52941,5280,0,8.5,0.8,4.0,9.5,25.2,5.1
2003,10,29,0129,52941,5340,0,8.1,0.9,5.0,9.5,31.4,6.2
2003,10,29,0130,52941,5400,0,5.9,3.5,6.6,9.5,44.0,30.6
2003,10,29,0131,52941,5460,0,5.2,3.4,7.1,9.4,48.6,32.8
2003,10,29,0132,52941,5520,0,5.7,1.6,7.2,9.3,50.8,16.1
2003,10,29,0133,52941,5580,0,5.7,0.5,7.0,9.0,51.1,5.2
2003,10,29,0134,52941,5640,0,6.2,-2.8,6.3,9.2,42.7,335.9
2003,10,29,0135,52941,5700,0,8.3,-0.0,4.2,9.3,26.7,359.9
2003,10,29,0136,52941,5760,0,5.2,2.5,6.6,8.7,48.8,26.1
2003,10,29,0137,52941,5820,0,3.1,1.4,8.1,8.8,66.9,24.6
2003,10,29,0138,52941,5880,0,3.2,0.5,3.6,4.8,47.6,8.9
2003,10,29,0139,52941,5940,0,7.6,3.8,-3.6,9.3,-22.9,26.8
2003,10,29,0140,52941,6000,0,8.4,-2.4,0.6,8.7,3.6,343.7
2003,10,29,0141,52941,6060,0,7.4,-2.6,0.1,7.8,0.8,340.5
2003,10,29,0142,52941,6120,0,5.4,0.4,3.1,6.3,29.9,3.9
2003,10,29,0143,52941,6180,0,8.0,-2.2,1.1,8.3,7.5,344.8
2003,10,29,0144,52941,6240,0,8.8,0.3,3.1,9.4,19.3,2.1
2003,10,29,0145,52941,6300,0,9.1,1.9,1.7,9.5,10.5,11.6
2003,10,29,0146,52941,6360,0,9.1,0.6,-0.9,9.2,-5.6,3.5
2003,10,29,0147,52941,6420,0,9.1,0.4,-1.1,9.1,-6.6,2.4
2003,10,29,0148,52941,6480,0,9.2,-1.8,-0.7,9.4,-4.5,349.1
2003,10,29,0149,52941,6540,0,9.1,-1.8,0.0,9.3,0.3,349.0
2003,10,29,0150,52941,6600,0,9.1,-2.7,0.2,9.5,1.3,343.6
2003,10,29,0151,52941,6660,0,9.2,-2.4,-0.4,9.6,-2.2,345.3
2003,10,29,0152,52941,6720,0,9.4,-1.5,-0.5,9.5,-2.8,350.7
2003,10,29,0153,52941,6780,0,9.6,-1.0,0.2,9.7,1.2,354.3
2003,10,29,0154,52941,6840,0,9.4,-0.1,1.8,9.6,10.8,359.4
2003,10,29,0155,52941,6900,0,7.4,-0.4,6.3,9.7,40.3,356.7
2003,10,29,0156,52941,6960,0,7.7,-1.9,5.5,9.7,34.9,346.0
2003,10,29,0157,52941,7020,0,8.2,-2.2,4.1,9.5,25.9,345.1
2003,10,29,0158,52941,7080,0,8.9,-1.4,2.9,9.5,17.8,350.8
2003,10,29,0159,52941,7140,0,9.2,-2.1,1.5,9.6,8.7,347.5
2003,10,29,0200,52941,7200,0,9.2,-2.2,1.8,9.6,10.5,346.4
2003,10,29,0201,52941,7260,0,8.8,-1.8,3.7,9.7,22.1,348.6
2003,10,29,0202,52941,7320,0,8.7,-1.7,3.8,9.7,23.3,348.8
2003,10,29,0203,52941,7380,0,8.6,-2.7,3.6,9.7,21.6,342.4
2003,10,29,0204,52941,7440,0,8.6,-3.1,3.3,9.8,19.8,340.3
2003,10,29,0205,52941,7500,0,8.6,-3.9,1.8,9.6,10.6,335.5
2003,10,29,0206,52941,7560,0,8.8,-3.5,0.2,9.5,1.1,338.2
2003,10,29,0207,52941,7620,0,8.3,-4.2,-1.1,9.4,-6.7,333.4
2003,10,29,0208,52941,7680,0,6.0,-6.5,4.0,9.7,24.3,313.0
2003,10,29,0209,52941,7740,0,9.4,-3.7,0.4,10.1,2.1,338.6
2003,10,29,0210,52941,7800,0,8.6,-4.4,-3.1,10.1,-17.8,332.6
2003,10,29,0211,52941,7860,0,9.1,-3.7,-2.8,10.2,-15.8,337.6
2003,10,29,0212,52941,7920,0,8.5,-3.9,-2.9,9.8,-17.0,335.5
2003,10,29,0213,52941,7980,0,7.4,-3.2,-5.1,9.5,-32.4,336.8
2003,10,29,0214,52941,8040,0,5.5,2.6,-6.8,9.2,-48.1,25.6
2003,10,29,0215,52941,8100,0,7.5,4.2,-4.9,9.9,-29.8,29.0
2003,10,29,0216,52941,8160,0,8.5,-5.9,1.2,10.4,6.8,325.4
2003,10,29,0217,52941,8220,0,8.2,-5.9,1.7,10.2,9.7,324.3
2003,10,29,0218,52941,8280,0,7.6,-6.5,1.7,10.2,9.6,319.6
2003,10,29,0219,52941,8340,0,8.2,-5.7,2.1,10.2,11.8,325.0
2003,10,29,0220,52941,8400,0,5.5,-7.5,3.6,10.0,21.4,306.5
2003,10,29,0221,52941,8460,0,7.6,-6.1,1.1,9.8,6.7,321.4
2003,10,29,0222,52941,8520,0,9.2,-2.7,3.1,10.1,17.7,343.5
2003,10,29,0223,52941,8580,0,9.4,-2.0,-0.7,9.6,-4.0,348.2
2003,10,29,0224,52941,8640,0,9.6,-0.5,-1.8,9.8,-10.6,357.0
2003,10,29,0225,52941,8700,0,9.7,-0.9,0.6,9.8,3.4,354.6
2003,10,29,0226,52941,8760,0,8.9,2.1,2.1,9.4,13.0,13.5
2003,10,29,0227,52941,8820,0,5.8,5.5,0.5,8.0,3.2,43.3
2003,10,29,0228,52941,8880,0,5.2,-5.5,2.6,8.0,19.2,313.5
2003,10,29,0229,52941,8940,0,5.8,-3.1,7.2,9.8,47.3,331.6
2003,10,29,0230,52941,9000,0,5.9,-3.7,6.9,9.9,44.7,328.0
2003,10,29,0231,52941,9060,0,7.3,-3.8,5.2,9.7,32.2,332.1
2003,10,29,0232,52941,9120,0,8.3,-3.3,3.0,9.4,18.5,338.1
2003,10,29,0233,52941,9180,0,8.9,-2.6,2.7,9.7,15.9,343.6
2003,10,29,0234,52941,9240,0,8.6,-3.8,2.6,9.7,15.4,336.4
2003,10,29,0235,52941,9300,0,6.9,-4.6,5.4,9.9,32.8,326.3
2003,10,29,0236,52941,9360,0,7.2,-5.8,3.9,10.1,22.9,321.2
2003,10,29,0237,52941,9420,0,5.4,-6.1,4.9,9.5,31.0,311.4
2003,10,29,0238,52941,9480,0,4.6,-6.8,5.6,9.9,34.2,304.0
2003,10,29,0239,52941,9540,0,6.0,-6.4,4.7,9.9,28.2,312.9
2003,10,29,0240,52941,9600,0,6.0,-6.3,4.3,9.7,26.5,313.6
2003,10,29,0241,52941,9660,0,3.4,-5.0,7.7,9.8,52.2,304.1
2003,10,29,0242,52941,9720,0,3.5,-7.0,6.1,9.9,38.0,296.4
2003,10,29,0243,52941,9780,0,5.7,-7.7,2.8,10.0,16.4,306.3
2003,10,29,0244,52941,9840,0,4.5,-6.9,5.2,9.7,32.0,303.4
2003,10,29,0245,52941,9900,0,3.2,-6.8,6.9,10.2,42.7,295.4
2003,10,29,0246,52941,9960,0,4.1,-7.9,5.1,10.2,29.7,297.4
2003,10,29,0247,52941,10020,0,5.2,-7.7,4.4,10.2,25.3,304.2
2003,10,29,0248,52941,10080,0,5.7,-7.8,3.3,10.2,18.8,306.0
2003,10,29,0249,52941,10140,0,6.5,-5.8,4.0,9.5,24.6,318.4
2003,10,29,0250,52941,10200,0,4.3,-5.6,7.6,10.4,47.0,307.9
2003,10,29,0251,52941,10260,0,4.7,-6.8,6.2,10.3,36.9,304.6
2003,10,29,0252,52941,10320,0,5.7,-7.9,3.3,10.3,18.9,305.8
2003,10,29,0253,52941,10380,0,6.3,-7.9,2.0,10.3,11.0,308.8
2003,10,29,0254,52941,10440,0,7.7,-6.5,2.2,10.3,12.3,319.9
2003,10,29,0255,52941,10500,0,7.2,-5.1,4.6,10.0,27.6,325.0
2003,10,29,0256,52941,10560,0,6.3,-6.1,5.3,10.3,31.3,315.8
2003,10,29,0257,52941,10620,0,7.8,-6.2,1.7,10.2,9.6,321.4
2003,10,29,0258,52941,10680,0,8.4,-5.6,-1.6,10.3,-9.0,326.2
2003,10,29,0259,52941,10740,0,3.7,-5.8,2.9,7.5,22.8,302.2
2003,10,29,0300,52941,10800,0,0.6,-4.5,8.6,9.7,62.2,277.3
2003,10,29,0301,52941,10860,0,5.4,-5.1,6.5,9.9,41.3,317.0
2003,10,29,0302,52941,10920,0,8.6,-1.8,3.8,9.6,23.1,348.0
2003,10,29,0303,52941,10980,0,6.0,-5.0,4.5,9.0,29.8,320.3
2003,10,29,0304,52941,11040,0,3.7,-8.4,3.9,10.0,22.8,293.9
2003,10,29,0305,52941,11100,0,6.7,-4.4,5.2,9.5,33.1,326.3
2003,10,29,0306,52941,11160,0,7.8,-3.6,4.9,9.9,29.7,335.1
2003,10,29,0307,52941,11220,0,9.3,-0.1,2.5,9.6,14.8,359.1
2003,10,29,0308,52941,11280,0,9.5,0.0,2.3,9.8,13.4,0.3
2003,10,29,0309,52941,11340,0,4.8,-5.6,4.1,8.5,29.2,310.7
2003,10,29,0310,52941,11400,0,5.0,-1.9,7.7,9.3,55.2,338.7
2003,10,29,0311,52941,11460,0,4.6,-4.9,4.5,8.1,33.6,313.3
2003,10,29,0312,52941,11520,0,5.9,-6.7,-1.8,9.1,-11.4,311.5
2003,10,29,0313,52941,11580,0,7.5,-5.5,1.8,9.4,11.1,323.7
2003,10,29,0314,52941,11640,0,5.5,-7.2,-1.6,9.2,-10.2,307.2
2003,10,29,0315,52941,11700,0,5.9,-6.8,1.6,9.2,10.3,311.0
2003,10,29,0316,52941,11760,0,8.5,-4.0,2.0,9.6,12.2,334.7
2003,10,29,0317,52941,11820,0,6.5,-4.4,1.8,8.1,12.7,325.7
2003,10,29,0318,52941,11880,0,7.6,-5.5,2.7,9.7,16.1,324.3
2003,10,29,0319,52941,11940,0,8.5,-4.9,-0.7,9.8,-4.2,330.0
2003,10,29,0320,52941,12000,0,9.0,-4.3,-1.0,10.0,-5.5,334.7
2003,10,29,0321,52941,12060,0,8.6,-5.0,-1.2,10.0,-7.1,330.0
2003,10,29,0322,52941,12120,0,8.8,-4.2,0.8,9.8,4.9,334.4
2003,10,29,0323,52941,12180,0,8.6,-3.5,2.4,9.6,14.2,337.9
2003,10,29,0324,52941,12240,0,8.5,-4.5,0.2,9.6,1.0,332.0
2003,10,29,0325,52941,12300,0,8.3,-4.6,1.5,9.6,9.0,331.0
2003,10,29,0326,52941,12360,0,8.3,-1.8,3.4,9.2,21.9,347.7
2003,10,29,0327,52941,12420,0,4.4,-4.4,5.2,8.1,40.0,315.5
2003,10,29,0328,52941,12480,0,2.2,-5.8,5.9,8.6,43.3,290.6
2003,10,29,0329,52941,12540,0,6.6,-1.6,5.1,8.4,36.9,345.9
2003,10,29,0330,52941,12600,0,8.3,1.6,0.1,8.5,0.9,11.0
2003,10,29,0331,52941,12660,0,5.4,-2.6,6.5,8.8,47.5,333.8
2003,10,29,0332,52941,12720,0,7.1,-3.2,4.0,8.7,27.1,335.5
2003,10,29,0333,52941,12780,0,8.4,-3.2,0.5,9.0,3.1,339.0
2003,10,29,0334,52941,12840,0,8.0,-4.4,1.6,9.3,10.1,331.4
2003,10,29,0335,52941,12900,0,8.6,-2.8,2.3,9.4,14.4,342.3
2003,10,29,0336,52941,12960,0,7.1,-2.7,3.3,8.3,23.1,339.1
2003,10,29,0337,52941,13020,0,6.7,2.4,6.1,9.4,40.6,19.6
2003,10,29,0338,52941,13080,0,7.8,3.2,4.6,9.6,28.7,22.1
2003,10,29,0339,52941,13140,0,8.5,1.8,4.3,9.7,26.4,12.1
2003,10,29,0340,52941,13200,0,9.2,-1.0,1.6,9.4,9.8,353.8
2003,10,29,0341,52941,13260,0,8.8,-2.7,-2.6,9.6,-15.8,342.7
2003,10,29,0342,52941,13320,0,9.1,-1.1,-3.1,9.6,-18.6,353.4
2003,10,29,0343,52941,13380,0,9.1,2.8,-1.9,9.7,-11.4,16.8
2003,10,29,0344,52941,13440,0,8.3,5.6,-1.4,10.1,-8.2,33.8
2003,10,29,0345,52941,13500,0,7.7,6.6,-0.5,10.1,-3.0,40.7
2003,10,29,0346,52941,13560,0,7.5,7.3,-0.5,10.4,-2.8,44.4
2003,10,29,0347,52941,13620,0,7.3,7.3,-1.5,10.4,-8.2,45.0
2003,10,29,0348,52941,13680,0,7.7,6.2,-3.0,10.3,-17.0,38.8
2003,10,29,0349,52941,13740,0,7.6,4.5,-5.9,10.6,-33.8,30.6
2003,10,29,0350,52941,13800,0,6.6,6.0,-6.0,10.7,-33.9,42.2
2003,10,29,0351,52941,13860,0,6.7,5.3,-6.2,10.5,-36.1,38.5
2003,10,29,0352,52941,13920,0,9.3,1.5,-4.8,10.5,-27.2,9.0
2003,10,29,0353,52941,13980,0,8.3,1.2,-5.5,10.1,-33.2,8.4
2003,10,29,0354,52941,14040,0,8.2,0.8,-5.8,10.0,-35.0,5.6
2003,10,29,0355,52941,14100,0,7.9,0.9,-6.3,10.2,-38.4,6.4
2003,10,29,0356,52941,14160,0,7.4,2.5,-6.7,10.3,-40.8,18.8
2003,10,29,0357,52941,14220,0,6.6,2.0,-7.4,10.1,-47.3,16.9
2003,10,29,0358,52941,14280,0,7.7,-0.5,-6.2,9.9,-38.9,356.5
2003,10,29,0359,52941,14340,0,8.9,2.0,-4.1,10.0,-24.5,12.9
2003,10,29,0400,52941,14400,0,9.5,-1.6,-3.6,10.3,-20.7,350.2
2003,10,29,0401,52941,14460,0,9.1,1.3,-4.2,10.1,-24.5,8.1
2003,10,29,0402,52941,14520,0,8.6,0.9,-5.3,10.1,-31.7,5.9
2003,10,29,0403,52941,14580,0,8.6,0.1,-5.1,10.0,-30.4,0.6
2003,10,29,0404,52941,14640,0,8.7,0.9,-4.8,10.0,-28.9,6.2
2003,10,29,0405,52941,14700,0,9.1,-1.6,-4.1,10.1,-24.0,350.1
2003,10,29,0406,52941,14760,0,8.1,-2.8,-5.3,10.1,-31.7,341.2
2003,10,29,0407,52941,14820,0,8.4,-1.7,-5.7,10.3,-33.6,348.8
2003,10,29,0408,52941,14880,0,8.9,-2.5,-1.6,9.3,-9.6,344.2
2003,10,29,0409,52941,14940,0,9.3,0.3,-3.5,9.9,-20.8,1.9
2003,10,29,0410,52941,15000,0,9.9,0.1,-1.2,10.0,-6.7,0.3
2003,10,29,0411,52941,15060,0,9.6,-2.3,-2.4,10.2,-13.8,346.6
2003,10,29,0412,52941,15120,0,9.2,-0.3,-2.6,9.5,-15.9,358.1
2003,10,29,0413,52941,15180,0,7.9,-1.1,-5.2,9.5,-32.9,352.2
2003,10,29,0414,52941,15240,0,7.3,-1.4,-5.6,9.3,-37.0,349.2
2003,10,29,0415,52941,15300,0,8.4,-0.5,-4.1,9.3,-25.8,356.7
2003,10,29,0416,52941,15360,0,5.3,4.9,-4.4,8.5,-31.4,42.6
2003,10,29,0417,52941,15420,0,7.6,4.8,-4.3,10.0,-25.8,32.0
2003,10,29,0418,52941,15480,0,9.7,0.5,-3.6,10.3,-20.5,2.7
2003,10,29,0419,52941,15540,0,8.2,1.4,-4.8,9.6,-30.1,9.9
2003,10,29,0420,52941,15600,0,8.5,-1.9,-1.6,8.8,-10.1,347.7
2003,10,29,0421,52941,15660,0,9.1,-0.7,-1.9,9.3,-12.1,355.8
2003,10,29,0422,52941,15720,0,9.4,1.2,-1.7,9.7,-10.4,7.5
2003,10,29,0423,52941,15780,0,7.7,-2.3,3.3,8.7,22.2,343.2
2003,10,29,0424,52941,15840,0,6.5,-4.3,5.4,9.5,34.6,326.5
2003,10,29,0425,52941,15900,0,6.4,-5.1,4.9,9.6,30.6,321.4
2003,10,29,0426,52941,15960,0,5.4,-6.0,5.1,9.5,32.1,312.0
2003,10,29,0427,52941,16020,0,8.0,-3.3,3.9,9.5,24.3,337.2
2003,10,29,0428,52941,16080,0,6.8,-5.8,4.0,9.8,24.1,319.8
2003,10,29,0429,52941,16140,0,6.4,-6.5,3.7,9.9,22.2,314.6
2003,10,29,0430,52941,16200,0,7.8,-5.7,0.8,9.7,5.0,324.1
2003,10,29,0431,52941,16260,0,7.7,-5.5,1.2,9.5,7.1,324.4
2003,10,29,0432,52941,16320,0,6.9,-5.7,3.2,9.5,19.7,320.8
2003,10,29,0433,52941,16380,0,6.0,-6.1,4.2,9.5,26.1,314.7
2003,10,29,0434,52941,16440,0,6.2,-7.5,2.3,10.0,13.6,309.8
2003,10,29,0435,52941,16500,0,7.3,-5.4,3.4,9.7,20.8,323.4
2003,10,29,0436,52941,16560,0,5.9,-5.6,4.6,9.3,29.4,316.3
2003,10,29,0437,52941,16620,0,4.2,-5.3,5.8,8.9,40.7,308.5
2003,10,29,0438,52941,16680,0,4.5,-4.6,5.2,8.3,39.0,314.3
2003,10,29,0439,52941,16740,0,6.7,-4.0,3.0,8.4,21.1,329.3
2003,10,29,0440,52941,16800,0,4.3,-5.6,4.7,8.5,33.8,307.2
2003,10,29,0441,52941,16860,0,3.6,-6.0,4.7,8.4,33.8,300.9
2003,10,29,0442,52941,16920,0,6.8,-5.8,1.1,9.0,7.0,319.5
2003,10,29,0443,52941,16980,0,6.8,-6.1,0.8,9.2,5.1,318.0
2003,10,29,0444,52941,17040,0,7.3,-3.8,3.2,8.8,21.0,332.3
2003,10,29,0445,52941,17100,0,7.6,-5.2,-0.7,9.3,-4.1,325.7
2003,10,29,0446,52941,17160,0,7.5,-5.0,3.1,9.5,19.1,326.5
2003,10,29,0447,52941,17220,0,7.1,-4.1,3.5,9.0,23.3,330.0
2003,10,29,0448,52941,17280,0,7.8,-2.5,2.9,8.7,19.5,342.3
2003,10,29,0449,52941,17340,0,6.3,-3.3,3.8,8.1,27.9,332.7
2003,10,29,0450,52941,17400,0,5.4,-4.4,3.5,7.8,27.0,321.3
2003,10,29,0451,52941,17460,0,6.2,-4.4,3.5,8.4,24.5,324.6
2003,10,29,0452,52941,17520,0,6.6,-3.6,3.9,8.5,27.7,331.6
2003,10,29,0453,52941,17580,0,6.7,-2.7,4.6,8.5,32.4,338.1
2003,10,29,0454,52941,17640,0,6.0,-3.9,4.7,8.6,33.3,327.4
2003,10,29,0455,52941,17700,0,5.8,-3.6,4.3,8.0,32.4,328.4
2003,10,29,0456,52941,17760,0,5.2,-4.0,4.3,7.9,33.5,322.6
2003,10,29,0457,52941,17820,0,5.8,-3.9,3.4,7.8,25.9,325.6
2003,10,29,0458,52941,17880,0,6.0,-3.6,3.6,7.8,27.0,328.7
2003,10,29,0459,52941,17940,0,6.6,-2.1,4.5,8.3,33.4,342.6
2003,10,29,0500,52941,18000,0,7.0,-3.5,2.8,8.3,19.5,333.8
2003,10,29,0501,52941,18060,0,6.7,-3.0,3.0,8.0,22.3,336.2
2003,10,29,0502,52941,18120,0,7.7,-1.2,3.3,8.4,22.8,351.3
2003,10,29,0503,52941,18180,0,9.2,-1.5,0.8,9.4,4.9,350.7
2003,10,29,0504,52941,18240,0,9.6,-0.8,-0.5,9.6,-3.2,355.1
2003,10,29,0505,52941,18300,0,8.9,-1.2,-2.8,9.5,-17.2,352.4
2003,10,29,0506,52941,18360,0,9.1,-1.2,-2.5,9.5,-15.2,352.2
2003,10,29,0507,52941,18420,0,9.5,-2.8,-1.4,10.0,-7.9,343.9
2003,10,29,0508,52941,18480,0,8.9,-2.3,3.8,10.0,22.6,345.4
2003,10,29,0509,52941,18540,0,7.9,-2.3,4.7,9.5,29.9,343.7
2003,10,29,0510,52941,18600,0,8.9,-3.3,0.8,9.6,4.7,339.8
2003,10,29,0511,52941,18660,0,8.7,-3.4,0.9,9.4,5.5,338.8
2003,10,29,0512,52941,18720,0,8.8,-2.1,-0.1,9.1,-0.8,346.9
2003,10,29,0513,52941,18780,0,8.9,-2.0,-0.2,9.1,-1.5,347.5
2003,10,29,0514,52941,18840,0,8.8,-3.2,1.4,9.5,8.6,339.8
2003,10,29,0515,52941,18900,0,9.0,-3.0,1.2,9.6,7.3,341.8
2003,10,29,0516,52941,18960,0,9.3,-3.2,2.1,10.1,12.2,341.0
2003,10,29,0517,52941,19020,0,9.3,-3.2,2.0,10.0,11.7,340.9
2003,10,29,0518,52941,19080,0,9.0,-3.0,2.8,9.9,16.8,341.6
2003,10,29,0519,52941,19140,0,8.3,-3.7,3.9,9.9,23.2,336.1
2003,10,29,0520,52941,19200,0,7.9,-3.7,5.0,10.1,29.7,334.6
2003,10,29,0521,52941,19260,0,8.6,-3.4,3.8,10.1,22.4,338.2
2003,10,29,0522,52941,19320,0,8.2,-4.5,4.9,10.5,27.6,331.0
2003,10,29,0523,52941,19380,0,8.4,-4.9,2.6,10.0,15.2,329.8
2003,10,29,0524,52941,19440,0,8.9,-4.0,1.9,10.0,10.7,336.1
2003,10,29,0525,52941,19500,0,7.1,-4.7,4.2,9.5,26.0,326.8
2003,10,29,0526,52941,19560,0,7.9,-4.0,3.2,9.4,19.8,333.1
2003,10,29,0527,52941,19620,0,9.2,-2.3,2.2,9.7,12.9,346.1
2003,10,29,0528,52941,19680,0,8.0,-1.7,5.9,10.1,36.1,348.2
2003,10,29,0529,52941,19740,0,8.5,-2.1,5.0,10.1,29.5,345.9
2003,10,29,0530,52941,19800,0,9.4,-2.7,3.8,10.5,21.2,343.9
2003,10,29,0531,52941,19860,0,9.2,-2.3,4.4,10.5,24.6,345.8
2003,10,29,0532,52941,19920,0,9.6,-3.8,4.6,11.3,24.1,338.6
2003,10,29,0533,52941,19980,0,9.1,-3.2,4.2,10.5,23.7,340.4
2003,10,29,0534,52941,20040,0,5.8,-7.0,2.0,9.3,12.6,309.9
2003,10,29,0535,52941,20100,0,6.3,-6.4,4.0,9.8,23.8,314.7
2003,10,29,0536,52941,20160,0,9.1,-6.8,0.9,11.4,4.3,323.4
2003,10,29,0537,52941,20220,0,8.8,-3.9,3.9,10.4,22.1,336.1
2003,10,29,0538,52941,20280,0,8.5,-4.0,2.5,9.7,15.0,334.8
2003,10,29,0539,52941,20340,0,8.6,-3.8,1.8,9.5,11.0,336.0
2003,10,29,0540,52941,20400,0,6.4,-1.0,8.3,10.5,52.1,350.9
2003,10,29,0541,52941,20460,0,5.5,-3.3,7.0,9.5,47.3,328.7
2003,10,29,0542,52941,20520,0,6.3,-4.7,2.3,8.2,16.2,323.2
2003,10,29,0543,52941,20580,0,8.4,-0.8,-1.7,8.6,-11.6,354.9
2003,10,29,0544,52941,20640,0,9.8,-2.8,1.4,10.3,7.8,344.2
2003,10,29,0545,52941,20700,0,10.1,-0.3,0.9,10.1,5.2,358.4
2003,10,29,0546,52941,20760,0,9.2,-4.0,-2.0,10.3,-11.3,336.4
2003,10,29,0547,52941,20820,0,7.6,-6.5,-4.0,10.8,-21.8,319.4
2003,10,29,0548,52941,20880,0,7.9,-1.8,-5.7,9.9,-35.3,347.3
2003,10,29,0549,52941,20940,0,7.4,-4.4,-5.7,10.4,-33.6,329.6
2003,10,29,0550,52941,21000,0,6.7,-1.5,-7.7,10.3,-48.2,347.3
2003,10,29,0551,52941,21060,0,5.2,0.3,-9.0,10.4,-60.1,3.3
2003,10,29,0552,52941,21120,0,8.0,-3.9,-9.0,12.6,-45.5,334.0
2003,10,29,0553,52941,21180,0,9.8,0.1,-8.1,12.8,-39.6,0.6
2003,10,29,0554,52941,21240,0,10.4,-3.2,-7.2,13.1,-33.3,342.8
2003,10,29,0555,52941,21300,0,12.7,-2.8,-3.6,13.5,-15.3,347.7
2003,10,29,0556,52941,21360,0,10.5,-7.7,2.6,13.3,11.2,323.7
2003,10,29,0557,52941,21420,0,10.4,-7.6,4.6,13.7,19.7,323.6
2003,10,29,0558,52941,21480,0,10.7,-6.7,4.1,13.3,17.9,328.0
2003,10,29,0559,52941,21540,0,22.3,-27.0,-22.7,41.8,-32.9,309.6
2003,10,29,0600,52941,21600,0,24.9,-14.9,-18.1,34.2,-31.9,329.1
2003,10,29,0601,52941,21660,0,25.8,-20.7,-6.1,33.7,-10.4,321.3
2003,10,29,0602,52941,21720,0,7.2,-37.5,4.6,38.4,6.8,280.9
2003,10,29,0603,52941,21780,0,7.6,-25.4,4.5,26.9,9.7,286.7
2003,10,29,0604,52941,21840,0,7.6,-24.3,5.7,26.1,12.6,287.3
2003,10,29,0605,52941,21900,0,-4.2,-22.4,22.1,31.8,44.1,259.4
2003,10,29,0606,52941,21960,0,-4.6,-24.3,19.2,31.4,37.8,259.2
2003,10,29,0607,52941,22020,0,-4.1,-23.4,20.1,31.1,40.2,260.0
2003,10,29,0608,52941,22080,0,-13.8,-28.1,15.7,35.0,26.7,243.8
2003,10,29,0609,52941,22140,0,-12.1,-29.9,20.3,38.1,32.2,247.9
2003,10,29,0610,52941,22200,0,-7.9,-24.7,18.6,31.9,35.6,252.2
2003,10,29,0611,52941,22260,0,2.7,-20.4,16.8,26.6,39.3,277.6
2003,10,29,0612,52941,22320,0,1.3,-25.4,19.4,32.0,37.4,272.9
2003,10,29,0613,52941,22380,0,-14.0,-22.2,17.8,31.8,34.1,237.8
2003,10,29,0614,52941,22440,0,-11.3,-26.0,18.7,34.0,33.4,246.5
2003,10,29,0615,52941,22500,0,19.9,-31.9,16.0,40.9,23.0,301.9
2003,10,29,0616,52941,22560,0,25.4,-31.5,5.2,40.7,7.3,308.9
2003,10,29,0617,52941,22620,0,9.2,-25.2,6.4,27.6,13.5,290.1
2003,10,29,0618,52941,22680,0,8.2,-31.6,8.8,33.8,15.0,284.6
2003,10,29,0619,52941,22740,0,15.0,-28.1,-0.0,31.9,-0.0,298.1
2003,10,29,0620,52941,22800,0,18.0,-15.6,-9.7,25.7,-22.2,319.1
2003,10,29,0621,52941,22860,0,8.7,-15.9,-6.6,19.3,-20.1,298.8
2003,10,29,0622,52941,22920,0,3.4,-23.5,1.1,23.8,2.6,278.2
2003,10,29,0623,52941,22980,0,1.8,-29.7,0.5,29.8,1.0,273.4
2003,10,29,0624,52941,23040,0,-5.0,-28.0,12.8,31.2,24.2,259.8
2003,10,29,0625,52941,23100,0,-10.0,-25.5,8.2,28.6,16.7,248.6
2003,10,29,0626,52941,23160,0,-19.3,-9.9,24.0,32.3,47.9,207.2
2003,10,29,0627,52941,23220,0,-13.2,-26.9,11.9,32.2,21.7,243.9
2003,10,29,0628,52941,23280,0,13.7,-54.9,-33.1,65.6,-30.3,284.0
2003,10,29,0629,52941,23340,0,5.8,-52.3,-23.6,57.7,-24.2,276.3
2003,10,29,0630,52941,23400,0,5.3,-53.2,-21.2,57.5,-21.6,275.7
2003,10,29,0631,52941,23460,0,4.9,-58.5,-21.4,62.5,-20.1,274.8
2003,10,29,0632,52941,23520,0,4.0,-61.0,-12.5,62.4,-11.5,273.7
2003,10,29,0633,52941,23580,0,13.0,-50.1,-30.5,60.1,-30.5,284.6
2003,10,29,0634,52941,23640,0,27.8,-0.2,-49.7,56.9,-60.8,359.6
2003,10,29,0635,52941,23700,0,24.5,27.9,-39.3,54.1,-46.6,48.7
2003,10,29,0636,52941,23760,0,24.0,29.8,-34.6,51.6,-42.1,51.1
2003,10,29,0637,52941,23820,0,29.1,18.2,-40.8,53.3,-49.9,31.9
2003,10,29,0638,52941,23880,0,25.3,-5.8,-26.0,36.8,-45.0,347.1
2003,10,29,0639,52941,23940,0,27.0,-12.2,-30.7,42.7,-46.0,335.6
2003,10,29,0640,52941,24000,0,25.8,-9.7,-36.7,45.9,-53.1,339.4
2003,10,29,0641,52941,24060,0,-1.2,0.1,-6.1,6.3,-79.0,173.9
2003,10,29,0642,52941,24120,0,16.4,-13.3,-33.8,39.8,-58.0,320.9
2003,10,29,0643,52941,24180,0,9.4,1.6,-20.7,22.8,-65.2,9.6
2003,10,29,0644,52941,24240,0,-0.1,6.6,0.6,6.7,5.3,90.9
2003,10,29,0645,52941,24300,0,-14.7,23.9,26.6,38.7,43.5,121.5
2003,10,29,0646,52941,24360,0,-11.7,26.2,32.3,43.2,48.4,114.1
2003,10,29,0647,52941,24420,0,-15.0,31.2,33.4,48.1,44.0,115.6
2003,10,29,0648,52941,24480,0,-11.7,36.0,31.7,49.4,40.0,108.0
2003,10,29,0649,52941,24540,0,-10.7,27.5,18.5,34.9,32.0,111.3
2003,10,29,0650,52941,24600,0,-8.3,22.4,7.2,24.9,16.9,110.4
2003,10,29,0651,52941,24660,0,-6.8,24.1,12.3,27.9,26.2,105.9
2003,10,29,0652,52941,24720,0,-8.8,29.0,16.1,34.3,27.9,106.8
2003,10,29,0653,52941,24780,0,-7.1,19.6,8.0,22.3,20.9,110.0
2003,10,29,0654,52941,24840,0,-7.5,21.7,13.3,26.5,30.1,109.1
2003,10,29,0655,52941,24900,0,-2.3,20.5,-8.4,22.3,-22.1,96.4
2003,10,29,0656,52941,24960,0,-1.0,20.3,-10.7,23.0,-27.7,92.9
2003,10,29,0657,52941,25020,0,0.3,10.9,-9.8,14.7,-42.0,88.4
2003,10,29,0658,52941,25080,0,2.1,7.9,-9.6,12.6,-49.5,75.2
2003,10,29,0659,52941,25140,0,3.5,-7.3,-1.8,8.2,-12.9,295.4
2003,10,29,0700,52941,25200,0,8.3,3.9,-21.0,22.9,-66.3,25.1
2003,10,29,0701,52941,25260,0,3.9,17.1,-16.5,24.1,-43.2,77.2
2003,10,29,0702,52941,25320,0,5.4,16.7,-15.4,23.3,-41.2,71.9
2003,10,29,0703,52941,25380,0,3.6,17.1,-12.4,21.4,-35.3,78.2
2003,10,29,0704,52941,25440,0,1.5,21.1,-9.2,23.1,-23.6,86.0
2003,10,29,0705,52941,25500,0,3.0,19.7,-7.0,21.2,-19.3,81.4
2003,10,29,0706,52941,25560,0,11.6,14.6,-5.4,19.4,-16.1,51.4
2003,10,29,0707,52941,25620,0,1.2,15.2,-13.7,20.5,-42.0,85.5
2003,10,29,0708,52941,25680,0,8.1,13.9,-16.5,23.1,-45.7,59.7
2003,10,29,0709,52941,25740,0,12.4,10.2,-10.9,19.4,-34.3,39.5
2003,10,29,0710,52941,25800,0,3.7,14.0,-10.4,17.8,-35.7,75.2
2003,10,29,0711,52941,25860,0,-1.1,14.6,-11.5,18.6,-38.1,94.3
2003,10,29,0712,52941,25920,0,11.4,10.9,-1.4,15.8,-5.1,43.6
2003,10,29,0713,52941,25980,0,3.7,16.7,-6.7,18.4,-21.4,77.3
2003,10,29,0714,52941,26040,0,16.3,11.2,-7.2,21.1,-20.0,34.6
2003,10,29,0715,52941,26100,0,7.4,12.0,-17.2,22.3,-50.6,58.5
2003,10,29,0716,52941,26160,0,15.3,3.7,-14.4,21.3,-42.6,13.5
2003,10,29,0717,52941,26220,0,8.1,10.1,-14.7,19.6,-48.7,51.1
2003,10,29,0718,52941,26280,0,3.2,8.5,-9.7,13.2,-47.0,69.4
2003,10,29,0719,52941,26340,0,-5.0,12.6,-7.9,15.7,-30.1,111.6
2003,10,29,0720,52941,26400,0,-14.1,15.4,9.5,22.9,24.3,132.3
2003,10,29,0721,52941,26460,9,-999.9,-999.9,-999.9,-999.9,-999.9,-999.9
2003,10,29,0722,52941,26520,9,-999.9,-999.9,-999.9,-999.9,-999.9,-999.9
2003,10,29,0723,52941,26580,9,-999.9,-999.9,-999.9,-999.9,-999.9,-999.9
2003,10,29,0724,52941,26640,9,-999.9,-999.9,-999.9,-999.9,-999.9,-999.9
2003,10,29,0725,52941,26700,9,-999.9,-999.9,-999.9,-999.9,-999.9,-999.9
2003,10,29,0726,52941,26760,9,-999.9,-999.9,-999.9,-999.9,-999.9,-999.9
2003,10,29,0727,52941,26820,9,-999.9,-999.9,-999.9,-999.9,-999.9,-999.9
2003,10,29,0728,52941,26880,9,-999.9,-999.9,-999.9,-999.9,-999.9,-999.9
2003,10,29,0729,52941,26940,9,-999.9,-999.9,-999.9,-999.9,-999.9,-999.9
2003,10,29,0730,52941,27000,9,-999.9,-999.9,-999.9,-999.9,-999.9,-999.9
2003,10,29,0731,52941,27060,9,-999.9,-999.9,-999.9,-999.9,-999.9,-999.9
2003,10,29,0732,52941,27120,9,-999.9,-999.9,-999.9,-999.9,-999.9,-999.9
2003,10,29,0733,52941,27180,9,-999.9,-999.9,-999.9,-999.9,-999.9,-999.9
2003,10,29,0734,52941,27240,9,-999.9,-999.9,-999.9,-999.9,-999.9,-999.9
2003,10,29,0735,52941,27300,9,-999.9,-999.9,-999.9,-999.9,-999.9,-999.9
2003,10,29,0736,52941,27360,9,-999.9,-999.9,-999.9,-999.9,-999.9,-999.9
2003,10,29,0737,52941,27420,9,-999.9,-999.9,-999.9,-999.9,-999.9,-999.9
2003,10,29,0738,52941,27480,9,-999.9,-999.9,-999.9,-999.9,-999.9,-999.9
2003,10,29,0739,52941,27540,9,-999.9,-999.9,-999.9,-999.9,-999.9,-999.9
2003,10,29,0740,52941,27600,9,-999.9,-999.9,-999.9,-999.9,-999.9,-999.9
2003,10,29,0741,52941,27660,9,-999.9,-999.9,-999.9,-999.9,-999.9,-999.9
2003,10,29,0742,52941,27720,9,-999.9,-999.9,-999.9,-999.9,-999.9,-999.9
2003,10,29,0743,52941,27780,9,-999.9,-999.9,-999.9,-999.9,-999.9,-999.9
2003,10,29,0744,52941,27840,9,-999.9,-999.9,-999.9,-999.9,-999.9,-999.9
2003,10,29,0745,52941,27900,9,-999.9,-999.9,-999.9,-999.9,-999.9,-999.9
2003,10,29,0746,52941,27960,9,-999.9,-999.9,-999.9,-999.9,-999.9,-999.9
2003,10,29,0747,52941,28020,9,-999.9,-999.9,-999.9,-999.9,-999.9,-999.9
2003,10,29,0748,52941,28080,9,-999.9,-999.9,-999.9,-999.9,-999.9,-999.9
2003,10,29,0749,52941,28140,9,-999.9,-999.9,-999.9,-999.9,-999.9,-999.9
2003,10,29,0750,52941,28200,9,-999.9,-999.9,-999.9,-999.9,-999.9,-999.9
2003,10,29,0751,52941,28260,9,-999.9,-999.9,-999.9,-999.9,-999.9,-999.9
2003,10,29,0752,52941,28320,9,-999.9,-999.9,-999.9,-999.9,-999.9,-999.9
2003,10,29,0753,52941,28380,9,-999.9,-999.9,-999.9,-999.9,-999.9,-999.9
2003,10,29,0754,52941,28440,9,-999.9,-999.9,-999.9,-999.9,-999.9,-999.9
2003,10,29,0755,52941,28500,9,-999.9,-999.9,-999.9,-999.9,-999.9,-999.9
2003,10,29,0756,52941,28560,9,-999.9,-999.9,-999.9,-999.9,-999.9,-999.9
2003,10,29,0757,52941,28620,9,-999.9,-999.9,-999.9,-999.9,-999.9,-999.9
2003,10,29,0758,52941,28680,9,-999.9,-999.9,-999.9,-999.9,-999.9,-999.9
2003,10,29,0759,52941,28740,9,-999.9,-999.9,-999.9,-999.9,-999.9,-999.9
2003,10,29,0800,52941,28800,9,-999.9,-999.9,-999.9,-999.9,-999.9,-999.9
2003,10,29,0801,52941,28860,9,-999.9,-999.9,-999.9,-999.9,-999.9,-999.9
2003,10,29,0802,52941,28920,9,-999.9,-999.9,-999.9,-999.9,-999.9,-999.9
2003,10,29,0803,52941,28980,9,-999.9,-999.9,-999.9,-999.9,-999.9,-999.9
2003,10,29,0804,52941,29040,9,-999.9,-999.9,-999.9,-999.9,-999.9,-999.9
2003,10,29,0805,52941,29100,9,-999.9,-999.9,-999.9,-999.9,-999.9,-999.9
2003,10,29,0806,52941,29160,9,-999.9,-999.9,-999.9,-999.9,-999.9,-999.9
2003,10,29,0807,52941,29220,9,-999.9,-999.9,-999.9,-999.9,-999.9,-999.9
2003,10,29,0808,52941,29280,9,-999.9,-999.9,-999.9,-999.9,-999.9,-999.9
2003,10,29,0809,52941,29340,9,-999.9,-999.9,-999.9,-999.9,-999.9,-999.9
2003,10,29,0810,52941,29400,9,-999.9,-999.9,-999.9,-999.9,-999.9,-999.9
2003,10,29,0811,52941,29460,9,-999.9,-999.9,-999.9,-999.9,-999.9,-999.9
2003,10,29,0812,52941,29520,9,-999.9,-999.9,-999.9,-999.9,-999.9,-999.9
2003,10,29,0813,52941,29580,9,-999.9,-999.9,-999.9,-999.9,-999.9,-999.9
2003,10,29,0814,52941,29640,9,-999.9,-999.9,-999.9,-999.9,-999.9,-999.9
2003,10,29,0815,52941,29700,9,-999.9,-999.9,-999.9,-999.9,-999.9,-999.9
2003,10,29,0816,52941,29760,9,-999.9,-999.9,-999.9,-999.9,-999.9,-999.9
2003,10,29,0817,52941,29820,9,-999.9,-999.9,-999.9,-999.9,-999.9,-999.9
2003,10,29,0818,52941,29880,9,-999.9,-999.9,-999.9,-999.9,-999.9,-999.9
2003,10,29,0819,52941,29940,9,-999.9,-999.9,-999.9,-999.9,-999.9,-999.9
2003,10,29,0820,52941,30000,9,-999.9,-999.9,-999.9,-999.9,-999.9,-999.9
2003,10,29,0821,52941,30060,9,-999.9,-999.9,-999.9,-999.9,-999.9,-999.9
2003,10,29,0822,52941,30120,9,-999.9,-999.9,-999.9,-999.9,-999.9,-999.9
2003,10,29,0823,52941,30180,9,-999.9,-999.9,-999.9,-999.9,-999.9,-999.9
2003,10,29,0824,52941,30240,0,-8.2,-13.7,-1.8,16.0,-6.4,239.1
2003,10,29,0825,52941,30300,0,-7.1,-17.2,-1.7,18.7,-5.1,247.7
2003,10,29,0826,52941,30360,0,-7.0,-17.9,-1.5,19.3,-4.4,248.7
2003,10,29,0827,52941,30420,0,-2.9,-19.2,-2.2,19.5,-6.4,261.4
2003,10,29,0828,52941,30480,0,2.9,-21.2,-6.0,22.3,-15.6,277.8
2003,10,29,0829,52941,30540,0,-2.8,-20.2,-3.6,20.7,-10.1,262.2
2003,10,29,0830,52941,30600,0,-12.2,-13.8,6.8,19.6,20.4,228.5
2003,10,29,0831,52941,30660,0,-5.2,-19.9,2.3,20.7,6.3,255.3
2003,10,29,0832,52941,30720,0,4.3,-19.5,-3.6,20.3,-10.2,282.4
2003,10,29,0833,52941,30780,0,8.2,-7.9,-11.5,16.2,-45.3,315.9
2003,10,29,0834,52941,30840,0,9.0,-10.8,-12.5,18.8,-41.5,309.8
2003,10,29,0835,52941,30900,0,8.6,-10.2,-13.1,18.7,-44.4,309.9
2003,10,29,0836,52941,30960,0,7.2,-14.6,-11.9,20.2,-36.2,296.2
2003,10,29,0837,52941,31020,0,7.0,-15.5,-12.9,21.4,-37.3,294.2
2003,10,29,0838,52941,31080,0,4.8,-18.3,-8.5,20.8,-24.0,284.8
2003,10,29,0839,52941,31140,0,2.5,-20.8,-9.3,23.0,-23.8,276.9
2003,10,29,0840,52941,31200,0,3.1,-25.2,-13.0,28.5,-27.2,277.0
2003,10,29,0841,52941,31260,0,-5.5,-28.8,-0.3,29.4,-0.5,259.2
2003,10,29,0842,52941,31320,0,-16.9,-14.7,13.7,26.3,31.5,221.0
2003,10,29,0843,52941,31380,0,-22.4,-6.7,17.3,29.1,36.5,196.7
2003,10,29,0844,52941,31440,0,-22.7,-13.8,18.7,32.5,35.1,211.2
2003,10,29,0845,52941,31500,0,-21.9,-23.0,18.0,36.5,29.6,226.4
2003,10,29,0846,52941,31560,0,-20.6,-22.7,18.6,35.9,31.2,227.8
2003,10,29,0847,52941,31620,0,-20.1,-21.2,19.4,35.1,33.5,226.6
2003,10,29,0848,52941,31680,0,-20.4,-20.8,18.6,34.6,32.6,225.6
2003,10,29,0849,52941,31740,0,-19.8,-21.6,19.9,35.4,34.3,227.5
2003,10,29,0850,52941,31800,0,-21.5,-22.8,18.1,36.2,30.0,226.6
2003,10,29,0851,52941,31860,0,-21.9,-22.3,16.4,35.3,27.7,225.5
2003,10,29,0852,52941,31920,0,-20.5,-22.0,16.8,34.4,29.2,226.9
2003,10,29,0853,52941,31980,0,-18.3,-23.2,18.5,34.8,32.2,231.7
2003,10,29,0854,52941,32040,0,-18.9,-23.4,17.4,34.8,30.1,231.1
2003,10,29,0855,52941,32100,0,-19.4,-24.0,17.1,35.3,29.0,231.0
2003,10,29,0856,52941,32160,0,-19.4,-25.7,17.0,36.3,27.8,233.0
2003,10,29,0857,52941,32220,0,-19.9,-24.7,17.1,36.1,28.3,231.1
2003,10,29,0858,52941,32280,0,-21.4,-23.1,17.8,36.2,29.4,227.2
2003,10,29,0859,52941,32340,0,-22.3,-22.5,18.4,36.6,30.1,225.1
2003,10,29,0900,52941,32400,0,-21.6,-22.7,18.0,36.2,29.8,226.4
2003,10,29,0901,52941,32460,0,-23.6,-17.6,18.6,34.8,32.3,216.7
2003,10,29,0902,52941,32520,0,-24.6,-12.9,16.8,32.5,31.2,207.7
2003,10,29,0903,52941,32580,0,-18.2,-17.5,17.2,30.5,34.2,223.7
2003,10,29,0904,52941,32640,0,-19.4,-14.3,18.8,30.6,38.0,216.3
2003,10,29,0905,52941,32700,0,-19.7,-13.5,16.5,29.0,34.7,214.4
2003,10,29,0906,52941,32760,0,-16.5,-20.3,13.1,29.2,26.6,230.8
2003,10,29,0907,52941,32820,0,-16.1,-19.1,12.8,28.1,27.1,229.9
2003,10,29,0908,52941,32880,0,-22.4,-9.3,12.4,27.2,27.1,202.5
2003,10,29,0909,52941,32940,0,-22.5,-9.6,12.4,27.4,26.8,203.1
2003,10,29,0910,52941,33000,0,-22.0,-10.3,12.5,27.3,27.2,205.1
2003,10,29,0911,52941,33060,0,-22.7,-9.2,14.1,28.2,29.8,202.2
2003,10,29,0912,52941,33120,0,-23.0,-11.4,15.7,30.1,31.3,206.4
2003,10,29,0913,52941,33180,0,-22.8,-13.3,14.7,30.2,29.2,210.2
2003,10,29,0914,52941,33240,0,-22.5,-15.4,13.5,30.5,26.4,214.4
2003,10,29,0915,52941,33300,0,-20.2,-16.1,16.2,30.5,32.1,218.6
2003,10,29,0916,52941,33360,0,-20.4,-16.0,15.0,30.0,30.1,218.0
2003,10,29,0917,52941,33420,0,-19.5,-14.5,15.4,28.8,32.4,216.5
2003,10,29,0918,52941,33480,0,-15.4,-17.5,15.1,27.8,32.9,228.8
2003,10,29,0919,52941,33540,0,-12.7,-15.6,13.7,24.4,34.2,230.9
2003,10,29,0920,52941,33600,0,-16.6,-16.2,16.2,28.3,34.9,224.2
2003,10,29,0921,52941,33660,0,-18.2,-13.4,17.8,28.8,38.2,216.3
2003,10,29,0922,52941,33720,0,-17.9,-11.3,18.9,28.4,41.8,212.3
2003,10,29,0923,52941,33780,0,-18.7,-8.7,20.2,28.8,44.4,205.0
2003,10,29,0924,52941,33840,0,-20.6,-11.8,17.4,29.4,36.3,209.8
2003,10,29,0925,52941,33900,0,-19.5,-9.7,18.8,28.8,40.7,206.3
2003,10,29,0926,52941,33960,0,-17.2,-7.0,18.1,25.9,44.3,202.1
2003,10,29,0927,52941,34020,0,-19.5,-10.2,19.6,29.5,41.8,207.6
2003,10,29,0928,52941,34080,0,-20.5,-12.2,19.1,30.6,38.7,210.6
2003,10,29,0929,52941,34140,0,-20.4,-11.9,19.4,30.6,39.3,210.3
2003,10,29,0930,52941,34200,0,-22.0,-11.4,22.2,33.3,41.8,207.4
2003,10,29,0931,52941,34260,0,-22.4,-13.0,21.5,33.7,39.6,210.1
2003,10,29,0932,52941,34320,0,-22.8,-12.1,22.8,34.4,41.5,207.9
2003,10,29,0933,52941,34380,0,-22.6,-10.6,23.7,34.4,43.5,205.2
2003,10,29,0934,52941,34440,0,-22.3,-10.8,23.5,34.2,43.5,205.9
2003,10,29,0935,52941,34500,0,-22.2,-10.2,23.7,34.1,44.1,204.6
2003,10,29,0936,52941,34560,0,-21.8,-9.7,23.7,33.6,44.8,203.8
2003,10,29,0937,52941,34620,0,-21.5,-8.2,23.6,33.0,45.8,201.0
2003,10,29,0938,52941,34680,0,-20.8,-9.0,24.9,33.7,47.7,203.4
2003,10,29,0939,52941,34740,0,-20.9,-7.1,25.0,33.4,48.6,198.7
2003,10,29,0940,52941,34800,0,-18.4,-4.3,25.1,31.5,53.0,193.2
2003,10,29,0941,52941,34860,0,-15.9,-2.0,23.7,28.6,56.0,187.1
2003,10,29,0942,52941,34920,0,-14.8,0.4,17.7,23.1,50.1,178.5
2003,10,29,0943,52941,34980,0,-14.1,2.6,16.4,21.8,48.8,169.7
2003,10,29,0944,52941,35040,0,-14.7,2.0,19.6,24.6,52.8,172.3
2003,10,29,0945,52941,35100,0,-14.6,-1.0,19.9,24.7,53.7,183.8
2003,10,29,0946,52941,35160,0,-14.0,0.4,19.8,24.3,54.6,178.2
2003,10,29,0947,52941,35220,0,-15.2,0.2,19.6,24.8,52.2,179.1
2003,10,29,0948,52941,35280,0,-14.6,-2.0,21.0,25.6,55.0,187.8
2003,10,29,0949,52941,35340,0,-14.8,-1.5,18.3,23.6,50.9,185.6
2003,10,29,0950,52941,35400,0,-14.3,-4.9,17.2,22.9,48.8,198.8
2003,10,29,0951,52941,35460,0,-14.2,-0.4,20.4,24.9,55.1,181.5
2003,10,29,0952,52941,35520,0,-14.1,1.4,19.1,23.8,53.5,174.2
2003,10,29,0953,52941,35580,0,-15.3,-2.2,17.6,23.5,48.7,188.2
2003,10,29,0954,52941,35640,0,-15.7,-1.3,15.2,21.9,44.0,184.8
2003,10,29,0955,52941,35700,0,-15.4,-4.6,16.3,22.9,45.6,196.6
2003,10,29,0956,52941,35760,0,-15.3,-7.4,16.0,23.3,43.3,205.7
2003,10,29,0957,52941,35820,0,-16.2,-5.8,14.9,22.8,40.9,199.8
2003,10,29,0958,52941,35880,0,-14.1,-4.6,13.3,19.9,42.0,198.2
2003,10,29,0959,52941,35940,0,-16.5,-7.2,14.7,23.2,39.4,203.5
2003,10,29,1000,52941,36000,0,-15.5,-7.8,13.9,22.2,38.8,206.9
2003,10,29,1001,52941,36060,0,-14.6,-7.9,12.8,21.0,37.7,208.6
2003,10,29,1002,52941,36120,0,-15.8,-10.0,11.7,22.1,32.0,212.4
2003,10,29,1003,52941,36180,0,-13.1,-9.7,8.5,18.4,27.6,216.5
2003,10,29,1004,52941,36240,0,-8.5,-16.2,0.8,18.3,2.5,242.4
2003,10,29,1005,52941,36300,0,-6.7,-16.8,-2.5,18.2,-7.9,248.2
2003,10,29,1006,52941,36360,0,9.0,-13.5,-9.4,18.7,-30.2,303.6
2003,10,29,1007,52941,36420,0,9.0,-16.2,-14.1,23.3,-37.4,299.0
2003,10,29,1008,52941,36480,0,11.5,-14.6,-16.2,24.7,-41.1,308.2
2003,10,29,1009,52941,36540,0,10.8,-8.9,-16.5,21.7,-49.7,320.4
2003,10,29,1010,52941,36600,0,4.5,-13.8,-7.9,16.5,-28.4,288.0
2003,10,29,1011,52941,36660,0,-12.0,-9.5,12.1,19.5,38.4,218.3
2003,10,29,1012,52941,36720,0,-16.6,-10.7,17.8,26.6,42.0,212.6
2003,10,29,1013,52941,36780,0,-20.7,-10.3,23.1,32.7,45.0,206.6
2003,10,29,1014,52941,36840,0,-22.6,-7.2,20.8,31.5,41.3,197.6
2003,10,29,1015,52941,36900,0,-24.0,-8.6,23.7,34.8,42.9,199.8
2003,10,29,1016,52941,36960,0,-24.8,-9.0,24.6,36.1,43.0,200.0
2003,10,29,1017,52941,37020,0,-24.2,-10.7,24.6,36.1,42.9,203.9
2003,10,29,1018,52941,37080,0,-23.4,-11.7,24.8,36.0,43.5,206.5
2003,10,29,1019,52941,37140,0,-22.2,-13.3,24.9,35.9,44.0,210.9
2003,10,29,1020,52941,37200,0,-22.0,-10.2,25.3,35.0,46.3,204.8
2003,10,29,1021,52941,37260,0,-22.0,-11.9,23.9,34.6,43.8,208.3
2003,10,29,1022,52941,37320,0,-21.1,-12.7,22.9,33.7,42.9,211.0
2003,10,29,1023,52941,37380,0,-19.9,-11.2,22.7,32.2,44.8,209.3
2003,10,29,1024,52941,37440,0,-18.7,-9.3,20.1,29.0,44.0,206.3
2003,10,29,1025,52941,37500,0,-16.5,-8.2,23.1,29.5,51.4,206.5
2003,10,29,1026,52941,37560,0,-17.1,-9.9,21.1,29.0,46.9,209.9
2003,10,29,1027,52941,37620,0,-16.0,-10.1,18.8,26.6,44.9,212.2
2003,10,29,1028,52941,37680,0,-15.4,-9.2,18.6,25.8,46.0,210.9
2003,10,29,1029,52941,37740,0,-14.4,-8.2,17.5,24.1,46.5,209.7
2003,10,29,1030,52941,37800,0,-14.0,-8.4,15.9,22.8,44.2,210.9
2003,10,29,1031,52941,37860,0,-14.8,-9.9,15.0,23.2,40.1,213.8
2003,10,29,1032,52941,37920,0,-10.7,1.2,19.0,21.9,60.4,173.7
2003,10,29,1033,52941,37980,0,-6.4,6.7,20.6,22.6,65.8,133.6
2003,10,29,1034,52941,38040,0,-9.4,7.1,20.8,23.9,60.5,143.0
2003,10,29,1035,52941,38100,0,-9.0,5.6,22.0,24.4,64.2,147.9
2003,10,29,1036,52941,38160,0,-6.8,7.2,25.0,26.9,68.4,133.2
2003,10,29,1037,52941,38220,0,-9.4,5.6,26.5,28.6,67.6,149.1
2003,10,29,1038,52941,38280,0,-9.6,6.9,26.2,28.7,65.8,144.3
2003,10,29,1039,52941,38340,0,-8.3,7.4,25.3,27.6,66.3,138.6
2003,10,29,1040,52941,38400,0,-7.3,7.7,23.6,25.8,65.8,133.7
2003,10,29,1041,52941,38460,0,-9.8,3.3,19.6,22.2,62.2,161.3
2003,10,29,1042,52941,38520,0,-11.9,-0.1,19.2,22.6,58.1,180.6
2003,10,29,1043,52941,38580,0,-10.4,-0.5,18.1,20.9,60.1,182.8
2003,10,29,1044,52941,38640,0,-9.9,-1.3,17.0,19.7,59.4,187.4
2003,10,29,1045,52941,38700,0,-10.2,-0.8,16.6,19.6,58.3,184.4
2003,10,29,1046,52941,38760,0,-9.9,-3.6,15.1,18.4,55.1,199.7
2003,10,29,1047,52941,38820,0,-8.5,-7.0,13.1,17.1,49.8,219.4
2003,10,29,1048,52941,38880,0,-7.4,-12.3,11.9,18.6,39.6,239.2
2003,10,29,1049,52941,38940,0,-6.1,-4.5,15.2,16.9,63.6,216.4
2003,10,29,1050,52941,39000,0,-5.2,-3.6,13.3,14.8,64.5,214.8
2003,10,29,1051,52941,39060,0,-7.7,-3.0,17.0,18.9,64.2,201.5
2003,10,29,1052,52941,39120,0,-11.6,-9.6,17.0,22.8,48.4,219.6
2003,10,29,1053,52941,39180,0,-9.8,-4.7,14.0,17.7,52.0,205.6
2003,10,29,1054,52941,39240,0,-7.8,0.2,12.6,14.8,58.2,178.4
2003,10,29,1055,52941,39300,0,-12.4,-6.7,16.9,22.0,50.1,208.5
2003,10,29,1056,52941,39360,0,-10.9,-9.0,18.3,23.1,52.2,219.5
2003,10,29,1057,52941,39420,0,-11.1,-0.2,16.7,20.0,56.3,181.2
2003,10,29,1058,52941,39480,0,-11.3,-1.4,18.4,21.6,58.3,187.1
2003,10,29,1059,52941,39540,0,-13.6,-6.0,18.8,24.0,51.7,203.6
2003,10,29,1100,52941,39600,0,-14.8,-7.0,18.6,24.8,48.7,205.2
2003,10,29,1101,52941,39660,0,-13.4,-9.6,20.7,26.4,51.4,215.7
2003,10,29,1102,52941,39720,0,-12.0,-12.7,18.6,25.6,46.8,226.6
2003,10,29,1103,52941,39780,0,-14.6,-16.3,17.7,28.2,38.9,228.2
2003,10,29,1104,52941,39840,0,-11.5,-9.3,24.9,29.0,59.3,218.9
2003,10,29,1105,52941,39900,0,-12.0,-17.7,18.0,27.9,40.1,235.9
2003,10,29,1106,52941,39960,0,-13.3,-22.3,16.5,30.7,32.4,239.1
2003,10,29,1107,52941,40020,0,-16.4,-19.1,18.4,31.2,36.2,229.3
2003,10,29,1108,52941,40080,0,-16.1,-16.9,20.0,30.8,40.5,226.4
2003,10,29,1109,52941,40140,0,-14.5,-16.5,21.9,31.0,44.9,228.6
2003,10,29,1110,52941,40200,0,-12.5,-16.9,22.7,30.9,47.3,233.5
2003,10,29,1111,52941,40260,0,-12.3,-14.6,24.3,30.9,51.8,229.7
2003,10,29,1112,52941,40320,0,-12.8,-12.1,25.0,30.6,54.9,223.5
2003,10,29,1113,52941,40380,0,-12.2,-11.1,24.1,29.2,55.6,222.3
2003,10,29,1114,52941,40440,0,-9.9,-16.6,22.2,29.4,48.9,239.2
2003,10,29,1115,52941,40500,0,-8.8,-18.7,20.0,28.8,44.1,244.9
2003,10,29,1116,52941,40560,0,-19.7,-9.2,20.2,29.7,42.8,205.1
2003,10,29,1117,52941,40620,0,-28.0,-3.2,22.3,35.9,38.3,186.4
2003,10,29,1118,52941,40680,0,-27.0,-5.1,23.6,36.2,40.6,190.7
2003,10,29,1119,52941,40740,0,-26.3,-7.2,25.4,37.3,43.0,195.3
2003,10,29,1120,52941,40800,0,-25.7,-7.6,24.6,36.4,42.6,196.5
2003,10,29,1121,52941,40860,0,-25.9,-9.0,25.8,37.7,43.2,199.2
2003,10,29,1122,52941,40920,0,-25.9,-8.3,26.3,37.8,44.0,197.8
2003,10,29,1123,52941,40980,0,-24.9,-8.8,26.2,37.2,44.8,199.4
2003,10,29,1124,52941,41040,0,-23.8,-10.1,26.1,36.7,45.3,202.9
2003,10,29,1125,52941,41100,0,-21.4,-12.3,27.3,36.8,47.9,209.8
2003,10,29,1126,52941,41160,0,-20.5,-13.1,27.3,36.6,48.3,212.6
2003,10,29,1127,52941,41220,0,-20.0,-14.0,27.0,36.4,48.0,215.0
2003,10,29,1128,52941,41280,0,-20.9,-13.0,27.5,36.9,48.1,211.8
2003,10,29,1129,52941,41340,0,-20.8,-12.7,27.2,36.6,48.2,211.4
2003,10,29,1130,52941,41400,0,-21.2,-12.9,27.1,36.7,47.4,211.4
2003,10,29,1131,52941,41460,0,-22.2,-13.2,28.2,38.3,47.5,210.8
2003,10,29,1132,52941,41520,0,-22.1,-13.7,28.2,38.3,47.3,211.8
2003,10,29,1133,52941,41580,0,-21.7,-14.8,27.5,38.1,46.3,214.3
2003,10,29,1134,52941,41640,0,-22.4,-15.2,26.4,37.7,44.3,214.1
2003,10,29,1135,52941,41700,0,-22.5,-15.4,26.0,37.6,43.6,214.5
2003,10,29,1136,52941,41760,0,-22.1,-15.1,26.8,37.8,45.0,214.4
2003,10,29,1137,52941,41820,0,-22.2,-15.8,27.1,38.4,44.9,215.5
2003,10,29,1138,52941,41880,0,-22.3,-15.0,27.0,38.1,45.2,214.0
2003,10,29,1139,52941,41940,0,-21.7,-15.3,27.2,38.0,45.6,215.3
2003,10,29,1140,52941,42000,0,-21.9,-15.6,26.9,38.0,45.0,215.5
2003,10,29,1141,52941,42060,0,-21.5,-15.4,26.8,37.6,45.4,215.5
2003,10,29,1142,52941,42120,0,-21.0,-15.5,26.8,37.5,45.8,216.4
2003,10,29,1143,52941,42180,0,-21.1,-15.9,26.5,37.4,45.0,217.0
2003,10,29,1144,52941,42240,0,-20.1,-15.7,27.0,37.1,46.6,217.9
2003,10,29,1145,52941,42300,0,-20.7,-15.5,26.4,37.0,45.6,216.9
2003,10,29,1146,52941,42360,0,-19.2,-16.7,27.3,37.4,47.0,221.0
2003,10,29,1147,52941,42420,0,-19.3,-16.6,27.4,37.4,47.2,220.7
2003,10,29,1148,52941,42480,0,-19.0,-17.7,28.0,38.2,47.2,223.0
2003,10,29,1149,52941,42540,0,-19.9,-16.0,28.1,37.9,47.8,218.8
2003,10,29,1150,52941,42600,0,-18.4,-16.5,28.3,37.6,48.8,221.9
2003,10,29,1151,52941,42660,0,-18.4,-18.9,26.1,37.1,44.6,225.8
2003,10,29,1152,52941,42720,0,-19.2,-18.9,25.8,37.3,43.8,224.7
2003,10,29,1153,52941,42780,0,-24.3,-5.7,24.9,35.2,45.0,193.2
2003,10,29,1154,52941,42840,0,-25.2,-10.5,25.2,37.2,42.6,202.7
2003,10,29,1155,52941,42900,0,-25.7,-9.9,25.2,37.3,42.5,201.1
2003,10,29,1156,52941,42960,0,-25.4,-8.4,26.1,37.4,44.2,198.3
2003,10,29,1157,52941,43020,0,-22.9,-15.4,24.8,37.1,41.9,213.8
2003,10,29,1158,52941,43080,0,-19.0,-18.9,26.5,37.6,44.7,224.8
2003,10,29,1159,52941,43140,0,-20.3,-17.4,27.0,38.0,45.3,220.5
2003,10,29,1200,52941,43200,0,-23.7,-16.2,26.1,38.8,42.3,214.5
2003,10,29,1201,52941,43260,0,-24.2,-16.4,26.3,39.3,41.9,214.1
2003,10,29,1202,52941,43320,0,-23.9,-16.3,25.0,38.3,40.8,214.3
2003,10,29,1203,52941,43380,0,-23.7,-14.4,25.2,37.5,42.3,211.2
2003,10,29,1204,52941,43440,0,-25.5,-14.2,24.0,37.8,39.5,209.2
2003,10,29,1205,52941,43500,0,-24.6,-15.7,24.1,37.8,39.6,212.5
2003,10,29,1206,52941,43560,0,-23.9,-17.2,23.6,37.8,38.7,215.7
2003,10,29,1207,52941,43620,0,-21.1,-20.0,24.7,38.1,40.4,223.5
2003,10,29,1208,52941,43680,0,-23.3,-18.9,24.0,38.4,38.6,219.0
2003,10,29,1209,52941,43740,0,-20.3,-18.7,26.3,38.1,43.6,222.6
2003,10,29,1210,52941,43800,0,-24.1,-17.6,24.4,38.5,39.2,216.1
2003,10,29,1211,52941,43860,0,-23.7,-17.6,23.6,37.8,38.6,216.7
2003,10,29,1212,52941,43920,0,-24.7,-17.5,22.7,37.8,36.8,215.3
2003,10,29,1213,52941,43980,0,-24.6,-15.8,23.4,37.4,38.6,212.7
2003,10,29,1214,52941,44040,0,-26.3,-14.3,23.5,38.1,38.2,208.5
2003,10,29,1215,52941,44100,0,-27.7,-13.3,22.7,38.2,36.5,205.7
2003,10,29,1216,52941,44160,0,-27.2,-13.5,23.1,38.2,37.3,206.3
2003,10,29,1217,52941,44220,0,-27.5,-11.6,23.3,37.8,38.0,202.9
2003,10,29,1218,52941,44280,0,-27.4,-11.4,23.2,37.7,38.1,202.6
2003,10,29,1219,52941,44340,0,-26.1,-11.3,25.0,37.9,41.3,203.4
2003,10,29,1220,52941,44400,0,-25.6,-9.1,25.8,37.5,43.5,199.5
2003,10,29,1221,52941,44460,0,-26.2,-9.2,25.1,37.4,42.1,199.4
2003,10,29,1222,52941,44520,0,-24.4,-10.0,26.1,37.1,44.7,202.4
2003,10,29,1223,52941,44580,0,-27.2,-10.3,23.4,37.3,38.9,200.8
2003,10,29,1224,52941,44640,0,-28.0,-10.4,22.9,37.6,37.4,200.4
2003,10,29,1225,52941,44700,0,-26.6,-10.7,23.7,37.2,39.6,202.0
2003,10,29,1226,52941,44760,0,-31.8,-5.5,20.2,38.1,32.0,189.7
2003,10,29,1227,52941,44820,0,-33.7,-4.0,18.2,38.5,28.3,186.8
2003,10,29,1228,52941,44880,0,-32.7,-5.0,19.1,38.2,30.0,188.7
2003,10,29,1229,52941,44940,0,-33.2,-3.6,18.9,38.4,29.5,186.1
2003,10,29,1230,52941,45000,0,-33.0,-1.3,18.9,38.0,29.7,182.3
2003,10,29,1231,52941,45060,0,-33.4,-3.6,18.0,38.1,28.2,186.1
2003,10,29,1232,52941,45120,0,-33.6,-2.3,17.9,38.1,28.0,183.9
2003,10,29,1233,52941,45180,0,-32.9,0.1,17.4,37.3,27.9,179.8
2003,10,29,1234,52941,45240,0,-33.2,-3.4,16.9,37.4,26.9,185.8
2003,10,29,1235,52941,45300,0,-32.7,-3.5,16.7,36.9,27.0,186.1
2003,10,29,1236,52941,45360,0,-33.0,-3.4,16.5,37.0,26.4,185.9
2003,10,29,1237,52941,45420,0,-33.1,-4.4,15.4,36.8,24.7,187.5
2003,10,29,1238,52941,45480,0,-33.4,-8.0,13.8,37.0,22.0,193.5
2003,10,29,1239,52941,45540,0,-34.7,-5.1,13.7,37.6,21.3,188.3
2003,10,29,1240,52941,45600,0,-36.4,-1.7,12.6,38.5,19.1,182.7
2003,10,29,1241,52941,45660,0,-36.4,1.0,11.2,38.1,17.1,178.4
2003,10,29,1242,52941,45720,0,-37.1,1.7,10.3,38.6,15.5,177.3
2003,10,29,1243,52941,45780,0,-37.6,3.0,10.9,39.2,16.1,175.4
2003,10,29,1244,52941,45840,0,-37.8,5.2,10.5,39.6,15.3,172.1
2003,10,29,1245,52941,45900,0,-37.9,4.8,9.5,39.4,14.0,172.8
2003,10,29,1246,52941,45960,0,-37.7,-0.3,10.8,39.2,16.0,180.5
2003,10,29,1247,52941,46020,0,-35.9,-6.2,13.3,38.7,20.0,189.9
2003,10,29,1248,52941,46080,0,-36.1,-5.3,12.0,38.4,18.2,188.3
2003,10,29,1249,52941,46140,0,-36.6,-5.5,11.1,38.6,16.7,188.5
2003,10,29,1250,52941,46200,0,-37.1,-5.5,10.8,39.0,16.1,188.4
2003,10,29,1251,52941,46260,0,-37.4,-6.3,10.8,39.4,15.9,189.5
2003,10,29,1252,52941,46320,0,-37.6,-4.6,10.5,39.3,15.4,186.9
2003,10,29,1253,52941,46380,0,-37.6,-3.7,9.4,38.9,13.9,185.6
2003,10,29,1254,52941,46440,0,-36.7,-5.6,10.3,38.5,15.5,188.8
2003,10,29,1255,52941,46500,0,-36.3,-6.4,10.8,38.4,16.4,190.1
2003,10,29,1256,52941,46560,0,-36.1,-5.3,11.3,38.2,17.2,188.3
2003,10,29,1257,52941,46620,0,-36.6,-4.0,10.4,38.2,15.8,186.3
2003,10,29,1258,52941,46680,0,-36.5,-6.1,13.9,39.5,20.5,189.4
2003,10,29,1259,52941,46740,0,-36.5,-6.7,13.0,39.4,19.3,190.5
2003,10,29,1300,52941,46800,0,-36.6,-7.6,10.2,38.8,15.3,191.7
2003,10,29,1301,52941,46860,0,-35.7,-8.9,14.3,39.5,21.2,194.0
2003,10,29,1302,52941,46920,0,-35.8,-7.6,14.5,39.4,21.7,192.1
2003,10,29,1303,52941,46980,0,-36.6,-3.9,12.9,39.0,19.3,186.0
2003,10,29,1304,52941,47040,0,-36.6,-3.5,14.7,39.6,21.7,185.5
2003,10,29,1305,52941,47100,0,-34.8,-5.2,13.9,37.8,21.6,188.5
2003,10,29,1306,52941,47160,0,-34.4,-4.4,14.5,37.6,22.6,187.3
2003,10,29,1307,52941,47220,0,-35.6,-2.9,14.8,38.6,22.5,184.6
2003,10,29,1308,52941,47280,0,-36.3,-3.3,14.9,39.4,22.3,185.2
2003,10,29,1309,52941,47340,0,-36.8,0.7,15.2,39.8,22.4,178.9
2003,10,29,1310,52941,47400,0,-36.1,-1.6,15.1,39.2,22.6,182.6
2003,10,29,1311,52941,47460,0,-36.8,-1.1,15.1,39.8,22.3,181.8
2003,10,29,1312,52941,47520,0,-37.4,-0.9,14.6,40.1,21.4,181.4
2003,10,29,1313,52941,47580,0,-37.4,-0.7,15.1,40.4,22.0,181.1
2003,10,29,1314,52941,47640,0,-37.0,-0.5,14.9,39.9,21.9,180.8
2003,10,29,1315,52941,47700,0,-36.7,-0.3,15.0,39.7,22.2,180.4
2003,10,29,1316,52941,47760,0,-36.3,-1.0,15.6,39.5,23.2,181.5
2003,10,29,1317,52941,47820,0,-36.8,0.7,14.2,39.5,21.0,178.9
2003,10,29,1318,52941,47880,0,-37.0,0.2,14.4,39.7,21.3,179.6
2003,10,29,1319,52941,47940,0,-37.7,-1.9,12.8,39.8,18.8,182.9
2003,10,29,1320,52941,48000,0,-37.9,-3.7,13.5,40.5,19.6,185.6
2003,10,29,1321,52941,48060,0,-36.8,-3.7,14.9,39.9,21.9,185.8
2003,10,29,1322,52941,48120,0,-37.2,-4.5,14.2,40.1,20.8,186.9
2003,10,29,1323,52941,48180,0,-36.4,-6.8,14.3,39.7,21.2,190.6
2003,10,29,1324,52941,48240,0,-36.7,-5.8,14.0,39.7,20.6,189.0
2003,10,29,1325,52941,48300,0,-38.2,-0.8,12.0,40.0,17.4,181.2
2003,10,29,1326,52941,48360,0,-37.6,-2.2,13.8,40.1,20.2,183.4
2003,10,29,1327,52941,48420,0,-38.0,-0.7,12.3,40.0,18.0,181.1
2003,10,29,1328,52941,48480,0,-38.5,0.3,10.9,40.0,15.8,179.5
2003,10,29,1329,52941,48540,0,-39.1,0.8,10.1,40.4,14.5,178.8
2003,10,29,1330,52941,48600,0,-38.5,3.5,9.3,39.7,13.5,174.9
2003,10,29,1331,52941,48660,0,-36.4,-11.4,12.3,40.1,17.9,197.4
2003,10,29,1332,52941,48720,0,-36.6,-10.0,12.2,39.9,17.9,195.2
2003,10,29,1333,52941,48780,0,-37.2,-9.0,12.0,40.1,17.3,193.6
2003,10,29,1334,52941,48840,0,-37.8,-9.8,11.4,40.7,16.3,194.5
2003,10,29,1335,52941,48900,0,-37.3,-9.4,13.1,40.7,18.8,194.1
2003,10,29,1336,52941,48960,0,-36.0,-10.4,14.3,40.1,20.8,196.1
2003,10,29,1337,52941,49020,0,-36.1,-10.9,12.1,39.6,17.8,196.8
2003,10,29,1338,52941,49080,0,-37.0,-7.8,11.6,39.6,17.0,192.0
2003,10,29,1339,52941,49140,0,-37.9,-5.9,9.8,39.6,14.4,188.9
2003,10,29,1340,52941,49200,0,-35.8,-10.7,11.6,39.1,17.3,196.6
2003,10,29,1341,52941,49260,0,-37.1,-7.3,10.8,39.3,15.9,191.1
2003,10,29,1342,52941,49320,0,-35.9,-11.0,13.0,39.7,19.1,197.1
2003,10,29,1343,52941,49380,0,-37.1,-7.9,11.7,39.6,17.2,192.0
2003,10,29,1344,52941,49440,0,-35.4,-9.3,13.1,38.9,19.7,194.8
2003,10,29,1345,52941,49500,0,-36.8,-4.4,9.8,38.4,14.8,186.8
2003,10,29,1346,52941,49560,0,-35.3,-10.1,11.0,38.3,16.6,196.0
2003,10,29,1347,52941,49620,0,-33.5,-16.1,9.8,38.5,14.8,205.7
2003,10,29,1348,52941,49680,0,-36.8,-11.2,10.0,39.8,14.5,196.9
2003,10,29,1349,52941,49740,0,-36.9,-13.8,10.0,40.6,14.3,200.6
2003,10,29,1350,52941,49800,0,-34.9,-17.3,10.5,40.4,15.0,206.3
2003,10,29,1351,52941,49860,0,-35.4,-15.1,9.6,39.7,14.0,203.1
2003,10,29,1352,52941,49920,0,-35.0,-16.6,10.9,40.2,15.7,205.4
2003,10,29,1353,52941,49980,0,-34.9,-19.5,11.4,41.5,15.9,209.2
2003,10,29,1354,52941,50040,0,-40.1,-9.7,10.5,42.6,14.2,193.6
2003,10,29,1355,52941,50100,0,-40.2,-10.1,12.1,43.2,16.2,194.1
2003,10,29,1356,52941,50160,0,-40.9,-10.1,10.4,43.4,13.9,193.9
2003,10,29,1357,52941,50220,0,-40.9,-10.8,10.0,43.5,13.3,194.7
2003,10,29,1358,52941,50280,0,-40.5,-11.5,10.3,43.3,13.8,195.9
2003,10,29,1359,52941,50340,0,-40.1,-12.0,11.0,43.3,14.7,196.7
2003,10,29,1400,52941,50400,0,-39.8,-12.3,11.5,43.2,15.5,197.2
2003,10,29,1401,52941,50460,0,-40.3,-12.8,8.9,43.2,11.9,197.6
2003,10,29,1402,52941,50520,0,-40.3,-13.7,6.4,43.1,8.5,198.8
2003,10,29,1403,52941,50580,0,-40.0,-13.5,6.6,42.7,8.9,198.7
2003,10,29,1404,52941,50640,0,-38.7,-13.0,11.5,42.5,15.8,198.6
2003,10,29,1405,52941,50700,0,-38.8,-13.2,11.8,42.7,16.1,198.7
2003,10,29,1406,52941,50760,0,-37.0,-12.8,16.3,42.4,22.6,199.1
2003,10,29,1407,52941,50820,0,-37.2,-13.0,16.2,42.7,22.4,199.3
2003,10,29,1408,52941,50880,0,-37.6,-13.5,15.1,42.7,20.7,199.8
2003,10,29,1409,52941,50940,0,-37.5,-14.1,14.5,42.6,19.9,200.5
2003,10,29,1410,52941,51000,0,-38.4,-15.7,12.4,43.3,16.6,202.2
2003,10,29,1411,52941,51060,0,-37.9,-16.5,13.5,43.5,18.1,203.5
2003,10,29,1412,52941,51120,0,-37.7,-16.5,13.9,43.4,18.7,203.6
2003,10,29,1413,52941,51180,0,-37.7,-16.7,13.9,43.5,18.7,203.9
2003,10,29,1414,52941,51240,0,-37.7,-17.1,14.2,43.8,18.9,204.4
2003,10,29,1415,52941,51300,0,-37.6,-16.4,15.6,43.9,20.8,203.6
2003,10,29,1416,52941,51360,0,-37.5,-17.5,14.6,43.9,19.4,205.0
2003,10,29,1417,52941,51420,0,-37.7,-17.4,13.8,43.8,18.4,204.7
2003,10,29,1418,52941,51480,0,-38.0,-17.0,13.1,43.6,17.5,204.1
2003,10,29,1419,52941,51540,0,-37.9,-17.7,12.3,43.6,16.4,205.1
2003,10,29,1420,52941,51600,0,-37.0,-19.0,12.0,43.2,16.1,207.2
2003,10,29,1421,52941,51660,0,-38.1,-17.5,11.3,43.4,15.0,204.7
2003,10,29,1422,52941,51720,0,-37.6,-17.4,11.7,43.1,15.8,204.8
2003,10,29,1423,52941,51780,0,-37.7,-16.9,11.6,42.9,15.7,204.1
2003,10,29,1424,52941,51840,0,-38.2,-16.9,9.6,42.8,13.0,203.8
2003,10,29,1425,52941,51900,0,-38.9,-16.5,7.7,43.0,10.3,203.0
2003,10,29,1426,52941,51960,0,-38.9,-17.2,7.5,43.2,10.0,203.8
2003,10,29,1427,52941,52020,0,-39.3,-17.4,7.4,43.6,9.8,203.9
2003,10,29,1428,52941,52080,0,-38.9,-17.8,6.5,43.3,8.7,204.6
2003,10,29,1429,52941,52140,0,-37.9,-18.7,9.7,43.4,12.9,206.2
2003,10,29,1430,52941,52200,0,-38.0,-18.7,10.5,43.7,14.0,206.2
2003,10,29,1431,52941,52260,0,-37.8,-19.2,11.0,43.8,14.6,206.9
2003,10,29,1432,52941,52320,0,-38.5,-18.3,6.5,43.1,8.7,205.4
2003,10,29,1433,52941,52380,0,-38.1,-19.0,6.4,43.0,8.5,206.6
2003,10,29,1434,52941,52440,0,-37.8,-19.6,3.7,42.8,5.0,207.4
2003,10,29,1435,52941,52500,0,-33.9,-17.2,11.8,39.8,17.2,206.9
2003,10,29,1436,52941,52560,0,-33.2,-16.3,19.8,41.9,28.1,206.1
2003,10,29,1437,52941,52620,0,-31.2,-18.2,19.7,41.2,28.7,210.3
2003,10,29,1438,52941,52680,0,-32.3,-19.3,18.8,42.1,26.5,210.9
2003,10,29,1439,52941,52740,0,-31.8,-20.5,17.2,41.6,24.5,212.8
2003,10,29,1440,52941,52800,0,-30.9,-20.0,18.5,41.2,26.7,212.8
2003,10,29,1441,52941,52860,0,-32.3,-20.5,17.3,42.0,24.3,212.4
2003,10,29,1442,52941,52920,0,-32.3,-20.9,17.7,42.3,24.8,212.9
2003,10,29,1443,52941,52980,0,-32.1,-20.7,17.4,42.0,24.5,212.8
2003,10,29,1444,52941,53040,0,-33.3,-20.6,16.1,42.4,22.3,211.7
2003,10,29,1445,52941,53100,0,-33.3,-19.6,17.8,42.5,24.8,210.6
2003,10,29,1446,52941,53160,0,-36.2,-20.3,18.6,45.5,24.1,209.4
2003,10,29,1447,52941,53220,0,-36.5,-21.0,16.8,45.4,21.7,209.9
2003,10,29,1448,52941,53280,0,-36.5,-22.6,16.1,45.8,20.5,211.7
2003,10,29,1449,52941,53340,0,-35.7,-25.4,15.4,46.5,19.3,215.5
2003,10,29,1450,52941,53400,0,-35.8,-26.2,13.7,46.5,17.1,216.2
2003,10,29,1451,52941,53460,0,-35.2,-26.2,15.4,46.5,19.4,216.7
2003,10,29,1452,52941,53520,0,-34.8,-25.0,19.2,47.0,24.1,215.7
2003,10,29,1453,52941,53580,0,-36.7,-25.5,14.3,46.9,17.8,214.7
2003,10,29,1454,52941,53640,0,-38.9,-23.1,12.7,47.0,15.7,210.7
2003,10,29,1455,52941,53700,0,-39.7,-21.4,12.8,46.9,15.9,208.3
2003,10,29,1456,52941,53760,0,-39.5,-22.0,12.4,46.9,15.4,209.1
2003,10,29,1457,52941,53820,0,-37.6,-24.7,13.6,47.0,16.8,213.3
2003,10,29,1458,52941,53880,0,-36.7,-25.7,13.8,46.9,17.1,214.9
2003,10,29,1459,52941,53940,0,-37.1,-25.3,13.2,46.8,16.4,214.2
2003,10,29,1500,52941,54000,0,-37.1,-25.4,13.1,46.8,16.3,214.4
2003,10,29,1501,52941,54060,0,-34.4,-27.6,15.1,46.6,18.9,218.7
2003,10,29,1502,52941,54120,0,-33.9,-28.5,14.9,46.7,18.5,220.1
2003,10,29,1503,52941,54180,0,-34.4,-28.7,13.2,46.7,16.4,219.9
2003,10,29,1504,52941,54240,0,-34.7,-29.0,12.6,47.0,15.6,219.9
2003,10,29,1505,52941,54300,0,-33.6,-29.2,14.7,46.8,18.2,221.0
2003,10,29,1506,52941,54360,0,-32.8,-29.9,14.5,46.7,18.1,222.4
2003,10,29,1507,52941,54420,0,-32.9,-29.4,15.4,46.7,19.2,221.8
2003,10,29,1508,52941,54480,0,-34.3,-29.1,14.1,47.1,17.4,220.3
2003,10,29,1509,52941,54540,0,-33.9,-29.6,14.1,47.2,17.4,221.1
2003,10,29,1510,52941,54600,0,-34.2,-29.7,13.6,47.3,16.7,221.0
2003,10,29,1511,52941,54660,0,-33.5,-30.7,13.5,47.4,16.6,222.5
2003,10,29,1512,52941,54720,0,-34.2,-29.6,13.9,47.3,17.1,220.9
2003,10,29,1513,52941,54780,0,-35.9,-27.7,13.2,47.2,16.2,217.7
2003,10,29,1514,52941,54840,0,-35.9,-27.3,13.6,47.1,16.7,217.3
2003,10,29,1515,52941,54900,0,-36.3,-26.7,13.6,47.1,16.8,216.3
2003,10,29,1516,52941,54960,0,-36.5,-27.0,12.2,47.1,15.1,216.5
2003,10,29,1517,52941,55020,0,-35.3,-28.6,12.4,47.1,15.3,219.0
2003,10,29,1518,52941,55080,0,-34.0,-31.2,10.3,47.3,12.6,222.6
2003,10,29,1519,52941,55140,0,-33.9,-31.4,10.4,47.4,12.7,222.8
2003,10,29,1520,52941,55200,0,-38.5,-17.9,17.9,46.1,22.9,204.9
2003,10,29,1521,52941,55260,0,-37.3,-20.4,17.2,45.8,22.0,208.6
2003,10,29,1522,52941,55320,0,-38.4,-17.1,18.4,45.9,23.7,204.0
2003,10,29,1523,52941,55380,0,-35.5,-24.2,17.8,46.5,22.5,214.3
2003,10,29,1524,52941,55440,0,-33.9,-27.4,16.9,46.7,21.2,218.9
2003,10,29,1525,52941,55500,0,-34.0,-26.5,18.4,46.9,23.1,217.9
2003,10,29,1526,52941,55560,0,-34.0,-25.5,19.5,46.8,24.6,216.9
2003,10,29,1527,52941,55620,0,-34.9,-24.6,19.2,46.8,24.3,215.1
2003,10,29,1528,52941,55680,0,-35.4,-25.2,17.6,46.8,22.0,215.4
2003,10,29,1529,52941,55740,0,-35.5,-25.8,17.0,47.0,21.2,216.0
2003,10,29,1530,52941,55800,0,-35.8,-25.0,16.5,46.7,20.7,214.9
2003,10,29,1531,52941,55860,0,-35.5,-23.9,17.9,46.3,22.7,214.0
2003,10,29,1532,52941,55920,0,-34.2,-20.6,21.5,45.4,28.3,211.1
2003,10,29,1533,52941,55980,0,-34.9,-19.4,22.4,45.8,29.2,209.1
2003,10,29,1534,52941,56040,0,-34.5,-21.9,20.8,45.8,26.9,212.3
2003,10,29,1535,52941,56100,0,-34.9,-22.2,20.3,46.1,26.2,212.5
2003,10,29,1536,52941,56160,0,-34.5,-24.1,18.8,46.1,24.1,215.0
2003,10,29,1537,52941,56220,0,-34.3,-23.7,19.3,45.9,24.8,214.7
2003,10,29,1538,52941,56280,0,-34.7,-23.2,19.4,46.0,25.0,213.8
2003,10,29,1539,52941,56340,0,-34.1,-22.8,20.2,45.7,26.2,213.8
2003,10,29,1540,52941,56400,0,-34.7,-18.0,18.5,43.3,25.3,207.4
2003,10,29,1541,52941,56460,0,-33.6,-23.3,21.3,46.1,27.5,214.7
2003,10,29,1542,52941,56520,0,-34.1,-22.0,21.8,46.1,28.2,212.8
2003,10,29,1543,52941,56580,0,-33.2,-22.8,23.2,46.5,30.0,214.4
2003,10,29,1544,52941,56640,0,-32.7,-21.9,25.3,46.8,32.7,213.8
2003,10,29,1545,52941,56700,0,-32.6,-21.5,24.1,45.9,31.7,213.4
2003,10,29,1546,52941,56760,0,-34.7,-20.8,19.4,44.9,25.7,210.9
2003,10,29,1547,52941,56820,0,-33.3,-27.7,19.0,47.4,23.7,219.7
2003,10,29,1548,52941,56880,0,-33.2,-27.1,20.1,47.3,25.1,219.2
2003,10,29,1549,52941,56940,0,-33.1,-26.6,20.8,47.2,26.1,218.8
2003,10,29,1550,52941,57000,0,-33.4,-26.5,20.8,47.4,26.0,218.4
2003,10,29,1551,52941,57060,0,-33.9,-26.0,20.4,47.3,25.5,217.4
2003,10,29,1552,52941,57120,0,-32.9,-27.9,20.3,47.7,25.2,220.3
2003,10,29,1553,52941,57180,0,-34.3,-25.1,21.7,47.7,27.0,216.2
2003,10,29,1554,52941,57240,0,-34.5,-22.9,23.9,47.8,29.9,213.6
2003,10,29,1555,52941,57300,0,-35.0,-23.1,22.9,47.8,28.7,213.5
2003,10,29,1556,52941,57360,0,-36.1,-21.9,22.6,47.9,28.2,211.3
2003,10,29,1557,52941,57420,0,-35.9,-23.0,22.3,48.1,27.6,212.6
2003,10,29,1558,52941,57480,0,-35.1,-24.2,22.6,48.2,27.9,214.6
2003,10,29,1559,52941,57540,0,-34.9,-24.9,22.2,48.3,27.4,215.5
2003,10,29,1600,52941,57600,0,-35.6,-24.0,22.3,48.3,27.4,214.0
2003,10,29,1601,52941,57660,0,-36.4,-23.6,21.2,48.4,26.1,213.0
2003,10,29,1602,52941,57720,0,-35.9,-24.9,20.5,48.3,25.1,214.8
2003,10,29,1603,52941,57780,0,-36.3,-23.8,20.8,48.1,25.6,213.3
2003,10,29,1604,52941,57840,0,-35.8,-24.1,20.5,47.8,25.4,214.0
2003,10,29,1605,52941,57900,0,-36.3,-23.9,19.2,47.5,23.8,213.4
2003,10,29,1606,52941,57960,0,-37.0,-24.3,16.9,47.4,20.9,213.3
2003,10,29,1607,52941,58020,0,-36.5,-26.4,14.5,47.3,17.8,215.9
2003,10,29,1608,52941,58080,0,-37.7,-26.2,11.4,47.3,13.9,214.8
2003,10,29,1609,52941,58140,0,-38.4,-26.5,9.7,47.6,11.8,214.6
2003,10,29,1610,52941,58200,0,-38.0,-26.7,9.7,47.4,11.8,215.1
2003,10,29,1611,52941,58260,0,-37.5,-27.7,9.0,47.5,10.9,216.4
2003,10,29,1612,52941,58320,0,-37.4,-27.8,9.7,47.6,11.7,216.6
2003,10,29,1613,52941,58380,0,-37.5,-27.5,9.4,47.4,11.4,216.2
2003,10,29,1614,52941,58440,0,-37.8,-27.2,8.7,47.3,10.6,215.7
2003,10,29,1615,52941,58500,0,-37.8,-27.3,8.4,47.4,10.2,215.8
2003,10,29,1616,52941,58560,0,-37.6,-27.9,7.5,47.4,9.1,216.6
2003,10,29,1617,52941,58620,0,-37.9,-27.9,7.0,47.6,8.5,216.4
2003,10,29,1618,52941,58680,0,-38.4,-27.9,7.3,48.0,8.8,216.0
2003,10,29,1619,52941,58740,0,-38.0,-28.5,6.2,47.9,7.5,216.8
2003,10,29,1620,52941,58800,0,-37.9,-28.4,6.4,47.8,7.7,216.8
2003,10,29,1621,52941,58860,0,-38.3,-28.0,5.9,47.8,7.1,216.2
2003,10,29,1622,52941,58920,0,-38.2,-27.9,5.7,47.7,6.9,216.2
2003,10,29,1623,52941,58980,0,-38.1,-27.8,4.9,47.5,5.9,216.1
2003,10,29,1624,52941,59040,0,-38.5,-27.3,3.8,47.3,4.6,215.3
2003,10,29,1625,52941,59100,0,-37.9,-27.8,4.1,47.1,5.0,216.3
2003,10,29,1626,52941,59160,0,-39.1,-25.9,3.2,47.0,3.9,213.5
2003,10,29,1627,52941,59220,0,-38.3,-26.7,2.7,46.8,3.3,214.9
2003,10,29,1628,52941,59280,0,-37.1,-28.4,0.7,46.7,0.8,217.5
2003,10,29,1629,52941,59340,0,-37.5,-28.0,0.5,46.8,0.6,216.7
2003,10,29,1630,52941,59400,0,-37.6,-27.9,-0.4,46.8,-0.4,216.6
2003,10,29,1631,52941,59460,0,-37.3,-27.7,-1.4,46.4,-1.8,216.6
2003,10,29,1632,52941,59520,0,-35.7,-28.2,-3.3,45.6,-4.2,218.3
2003,10,29,1633,52941,59580,0,-37.0,-27.5,-2.3,46.2,-2.9,216.6
2003,10,29,1634,52941,59640,0,-37.8,-26.2,-1.2,46.0,-1.4,214.8
2003,10,29,1635,52941,59700,0,-36.8,-26.7,-2.8,45.5,-3.5,216.0
2003,10,29,1636,52941,59760,0,-36.4,-26.7,-2.2,45.2,-2.8,216.3
2003,10,29,1637,52941,59820,0,-36.6,-25.4,0.3,44.6,0.3,214.8
2003,10,29,1638,52941,59880,0,-36.6,-24.8,1.7,44.2,2.2,214.1
2003,10,29,1639,52941,59940,0,-36.9,-23.8,2.9,44.0,3.8,212.9
2003,10,29,1640,52941,60000,0,-36.6,-23.0,7.7,43.9,10.1,212.1
2003,10,29,1641,52941,60060,0,-36.5,-23.0,5.6,43.5,7.4,212.2
2003,10,29,1642,52941,60120,0,-37.3,-22.7,2.6,43.7,3.4,211.4
2003,10,29,1643,52941,60180,0,-37.3,-22.4,8.2,44.2,10.7,211.0
2003,10,29,1644,52941,60240,0,-37.0,-22.1,11.1,44.5,14.5,210.9
2003,10,29,1645,52941,60300,0,-37.6,-22.1,8.9,44.5,11.6,210.4
2003,10,29,1646,52941,60360,0,-38.4,-21.0,6.4,44.3,8.3,208.7
2003,10,29,1647,52941,60420,0,-37.3,-19.7,12.1,43.9,16.0,207.8
2003,10,29,1648,52941,60480,0,-37.0,-19.4,13.7,44.0,18.2,207.7
2003,10,29,1649,52941,60540,0,-36.9,-19.7,13.5,43.9,17.9,208.1
2003,10,29,1650,52941,60600,0,-37.0,-21.1,9.4,43.6,12.5,209.7
2003,10,29,1651,52941,60660,0,-36.5,-19.4,14.6,43.8,19.5,208.0
2003,10,29,1652,52941,60720,0,-35.7,-18.7,16.9,43.7,22.8,207.7
2003,10,29,1653,52941,60780,0,-35.5,-18.6,17.9,43.9,24.1,207.6
2003,10,29,1654,52941,60840,0,-35.2,-18.7,18.1,43.8,24.4,208.0
2003,10,29,1655,52941,60900,0,-35.0,-18.5,18.8,43.8,25.5,207.8
2003,10,29,1656,52941,60960,0,-35.8,-17.2,18.7,43.9,25.2,205.7
2003,10,29,1657,52941,61020,0,-36.1,-19.5,16.1,44.1,21.4,208.4
2003,10,29,1658,52941,61080,0,-36.1,-19.5,16.3,44.2,21.7,208.4
2003,10,29,1659,52941,61140,0,-35.3,-19.8,18.2,44.4,24.3,209.3
2003,10,29,1700,52941,61200,0,-34.7,-20.7,18.8,44.6,24.9,210.8
2003,10,29,1701,52941,61260,0,-35.1,-22.1,16.5,44.6,21.7,212.2
2003,10,29,1702,52941,61320,0,-35.5,-22.8,14.6,44.6,19.0,212.7
2003,10,29,1703,52941,61380,0,-36.5,-23.0,12.2,44.8,15.8,212.2
2003,10,29,1704,52941,61440,0,-36.7,-22.6,11.8,44.6,15.3,211.6
2003,10,29,1705,52941,61500,0,-36.9,-22.0,11.5,44.5,15.0,210.8
2003,10,29,1706,52941,61560,0,-38.0,-21.2,9.2,44.5,11.9,209.2
2003,10,29,1707,52941,61620,0,-38.1,-21.6,8.3,44.6,10.7,209.6
2003,10,29,1708,52941,61680,0,-37.8,-20.9,11.0,44.6,14.3,209.0
2003,10,29,1709,52941,61740,0,-37.6,-20.9,11.5,44.5,14.9,209.1
2003,10,29,1710,52941,61800,0,-37.8,-20.7,11.1,44.5,14.4,208.8
2003,10,29,1711,52941,61860,0,-38.0,-20.4,11.3,44.6,14.7,208.3
2003,10,29,1712,52941,61920,0,-38.0,-21.3,9.5,44.6,12.3,209.3
2003,10,29,1713,52941,61980,0,-38.4,-21.6,7.6,44.7,9.8,209.4
2003,10,29,1714,52941,62040,0,-38.3,-22.4,6.8,44.9,8.8,210.4
2003,10,29,1715,52941,62100,0,-38.3,-22.4,7.6,45.0,9.7,210.3
2003,10,29,1716,52941,62160,0,-38.0,-22.7,7.6,44.9,9.7,210.8
2003,10,29,1717,52941,62220,0,-37.8,-22.9,7.4,44.8,9.4,211.2
2003,10,29,1718,52941,62280,0,-37.8,-22.6,7.6,44.7,9.8,210.8
2003,10,29,1719,52941,62340,0,-38.0,-22.4,7.7,44.8,10.0,210.5
2003,10,29,1720,52941,62400,0,-37.8,-23.3,7.2,44.9,9.3,211.6
2003,10,29,1721,52941,62460,0,-38.0,-22.6,7.0,44.8,9.0,210.8
2003,10,29,1722,52941,62520,0,-38.1,-22.6,7.0,44.9,9.0,210.7
2003,10,29,1723,52941,62580,0,-38.1,-23.3,5.9,45.0,7.5,211.4
2003,10,29,1724,52941,62640,0,-37.4,-23.4,8.6,45.0,11.0,212.0
2003,10,29,1725,52941,62700,0,-36.6,-23.8,11.2,45.1,14.3,213.0
2003,10,29,1726,52941,62760,0,-38.2,-22.7,6.8,44.9,8.8,210.8
2003,10,29,1727,52941,62820,0,-34.2,-26.3,11.7,44.7,15.1,217.5
2003,10,29,1728,52941,62880,0,-36.8,-24.5,6.9,44.8,8.9,213.7
2003,10,29,1729,52941,62940,0,-37.3,-24.0,5.5,44.7,7.0,212.7
2003,10,29,1730,52941,63000,0,-38.0,-22.2,-1.8,44.1,-2.4,210.3
2003,10,29,1731,52941,63060,0,-38.5,-22.4,-5.0,44.8,-6.5,210.2
2003,10,29,1732,52941,63120,0,-37.8,-23.8,-1.2,44.7,-1.6,212.2
2003,10,29,1733,52941,63180,0,-38.3,-22.7,-2.1,44.5,-2.6,210.7
2003,10,29,1734,52941,63240,0,-38.5,-22.5,-0.5,44.6,-0.6,210.3
2003,10,29,1735,52941,63300,0,-37.0,-23.1,4.1,43.8,5.3,212.0
2003,10,29,1736,52941,63360,0,-35.0,-25.1,13.1,45.0,16.9,215.7
2003,10,29,1737,52941,63420,0,-35.9,-25.4,10.0,45.1,12.8,215.3
2003,10,29,1738,52941,63480,0,-37.0,-25.4,7.8,45.6,9.9,214.4
2003,10,29,1739,52941,63540,0,-38.3,-25.2,8.0,46.5,9.9,213.4
2003,10,29,1740,52941,63600,0,-38.6,-24.8,5.0,46.2,6.3,212.7
2003,10,29,1741,52941,63660,0,-37.6,-25.0,9.0,46.0,11.3,213.6
2003,10,29,1742,52941,63720,0,-36.2,-25.1,13.5,46.1,17.0,214.7
2003,10,29,1743,52941,63780,0,-37.7,-26.1,5.3,46.2,6.6,214.7
2003,10,29,1744,52941,63840,0,-37.6,-26.6,1.2,46.1,1.5,215.3
2003,10,29,1745,52941,63900,0,-37.5,-21.9,14.7,45.9,18.6,210.3
2003,10,29,1746,52941,63960,0,-38.0,-24.0,12.9,46.8,16.0,212.3
2003,10,29,1747,52941,64020,0,-39.0,-26.1,10.3,48.0,12.4,213.8
2003,10,29,1748,52941,64080,0,-39.8,-24.7,9.3,47.8,11.2,211.9
2003,10,29,1749,52941,64140,0,-38.6,-24.6,7.7,46.4,9.6,212.5
2003,10,29,1750,52941,64200,0,-37.4,-22.6,6.3,44.2,8.2,211.1
2003,10,29,1751,52941,64260,0,-37.4,-23.2,4.0,44.2,5.3,211.8
2003,10,29,1752,52941,64320,0,-36.8,-24.6,-0.5,44.2,-0.7,213.7
2003,10,29,1753,52941,64380,0,-38.1,-21.9,-0.1,44.0,-0.1,209.9
2003,10,29,1754,52941,64440,0,-39.0,-20.0,0.9,43.8,1.2,207.1
2003,10,29,1755,52941,64500,0,-39.4,-19.0,-1.2,43.8,-1.6,205.7
2003,10,29,1756,52941,64560,0,-39.7,-18.7,-2.3,44.0,-3.0,205.2
2003,10,29,1757,52941,64620,0,-39.8,-18.1,-6.8,44.2,-8.8,204.5
2003,10,29,1758,52941,64680,0,-38.3,-19.7,-9.1,44.1,-12.0,207.2
2003,10,29,1759,52941,64740,0,-35.2,-17.0,-20.5,44.1,-27.7,205.8
2003,10,29,1800,52941,64800,0,-36.6,-15.6,-19.9,44.5,-26.6,203.1
2003,10,29,1801,52941,64860,0,-34.9,-14.4,-23.7,44.6,-32.1,202.4
2003,10,29,1802,52941,64920,0,-35.3,-14.8,-22.8,44.6,-30.8,202.8
2003,10,29,1803,52941,64980,0,-34.9,-17.2,-21.6,44.5,-29.1,206.2
2003,10,29,1804,52941,65040,0,-34.1,-16.4,-23.3,44.4,-31.6,205.7
2003,10,29,1805,52941,65100,0,-34.0,-15.7,-23.0,44.0,-31.6,204.8
2003,10,29,1806,52941,65160,0,-32.7,-14.2,-23.7,42.8,-33.6,203.4
2003,10,29,1807,52941,65220,0,-32.4,-13.0,-26.4,43.8,-37.1,201.9
2003,10,29,1808,52941,65280,0,-32.3,-12.2,-26.9,43.7,-37.9,200.8
2003,10,29,1809,52941,65340,0,-32.0,-10.9,-27.4,43.5,-39.0,198.8
2003,10,29,1810,52941,65400,0,-33.1,-11.5,-25.9,43.6,-36.5,199.2
2003,10,29,1811,52941,65460,0,-32.5,-10.4,-26.7,43.3,-38.1,197.8
2003,10,29,1812,52941,65520,0,-32.6,-12.1,-25.5,43.1,-36.3,200.4
2003,10,29,1813,52941,65580,0,-32.9,-12.5,-25.2,43.3,-35.6,200.9
2003,10,29,1814,52941,65640,0,-34.0,-13.2,-23.2,43.2,-32.5,201.2
2003,10,29,1815,52941,65700,0,-33.3,-14.3,-23.7,43.3,-33.2,203.2
2003,10,29,1816,52941,65760,0,-34.2,-14.8,-21.8,43.2,-30.4,203.4
2003,10,29,1817,52941,65820,0,-32.8,-13.9,-24.4,43.2,-34.4,202.9
2003,10,29,1818,52941,65880,0,-33.1,-14.9,-23.3,43.1,-32.7,204.3
2003,10,29,1819,52941,65940,0,-32.8,-14.8,-23.7,43.1,-33.3,204.3
2003,10,29,1820,52941,66000,0,-32.8,-15.3,-23.3,43.0,-32.8,205.1
2003,10,29,1821,52941,66060,0,-32.5,-16.4,-23.5,43.3,-32.8,206.7
2003,10,29,1822,52941,66120,0,-32.6,-15.2,-24.0,43.2,-33.7,205.0
2003,10,29,1823,52941,66180,0,-34.5,-14.9,-20.8,42.9,-28.9,203.4
2003,10,29,1824,52941,66240,0,-35.0,-11.8,-21.9,42.9,-30.7,198.7
2003,10,29,1825,52941,66300,0,-33.8,-10.0,-24.7,43.0,-35.0,196.6
2003,10,29,1826,52941,66360,0,-31.4,-10.0,-27.1,42.6,-39.4,197.7
2003,10,29,1827,52941,66420,0,-33.2,-8.8,-24.9,42.4,-36.0,194.9
2003,10,29,1828,52941,66480,0,-30.3,-11.5,-27.8,42.7,-40.6,200.8
2003,10,29,1829,52941,66540,0,-31.4,-9.9,-26.8,42.4,-39.1,197.6
2003,10,29,1830,52941,66600,0,-31.9,-12.7,-24.6,42.2,-35.6,201.8
2003,10,29,1831,52941,66660,0,-30.8,-20.2,-21.5,42.7,-30.3,213.3
2003,10,29,1832,52941,66720,0,-32.0,-15.8,-23.0,42.5,-32.8,206.4
2003,10,29,1833,52941,66780,0,-31.1,-13.0,-25.7,42.4,-37.3,202.7
2003,10,29,1834,52941,66840,0,-31.8,-10.4,-25.5,42.1,-37.3,198.2
2003,10,29,1835,52941,66900,0,-31.3,-15.4,-23.5,42.1,-33.9,206.2
2003,10,29,1836,52941,66960,0,-31.0,-14.0,-24.7,42.1,-36.0,204.3
2003,10,29,1837,52941,67020,0,-31.2,-15.1,-24.0,42.2,-34.7,205.8
2003,10,29,1838,52941,67080,0,-30.3,-13.1,-25.6,41.8,-37.8,203.5
2003,10,29,1839,52941,67140,0,-30.7,-10.8,-25.9,41.6,-38.5,199.3
2003,10,29,1840,52941,67200,0,-31.1,-9.7,-25.7,41.5,-38.2,197.4
2003,10,29,1841,52941,67260,0,-31.2,-8.7,-25.7,41.4,-38.5,195.6
2003,10,29,1842,52941,67320,0,-33.5,-8.0,-23.1,41.4,-33.8,193.5
2003,10,29,1843,52941,67380,0,-33.5,-5.7,-23.5,41.3,-34.7,189.6
2003,10,29,1844,52941,67440,0,-28.4,-10.8,-28.0,41.3,-42.8,200.8
2003,10,29,1845,52941,67500,0,-28.0,-11.5,-29.0,42.0,-43.8,202.2
2003,10,29,1846,52941,67560,0,-29.5,-10.0,-28.3,42.1,-42.3,198.8
2003,10,29,1847,52941,67620,0,-29.8,-10.3,-27.9,42.1,-41.5,199.0
2003,10,29,1848,52941,67680,0,-29.9,-5.3,-28.4,41.6,-43.1,190.0
2003,10,29,1849,52941,67740,0,-29.7,-5.2,-28.6,41.5,-43.5,189.9
2003,10,29,1850,52941,67800,0,-29.6,-8.9,-27.3,41.2,-41.4,196.8
2003,10,29,1851,52941,67860,0,-27.0,-16.4,-25.0,40.3,-38.3,211.3
2003,10,29,1852,52941,67920,0,-24.7,-20.5,-24.3,40.3,-37.1,219.7
2003,10,29,1853,52941,67980,0,-23.7,-20.2,-24.1,39.4,-37.7,220.4
2003,10,29,1854,52941,68040,0,-23.7,-16.9,-26.8,39.6,-42.6,215.4
2003,10,29,1855,52941,68100,0,-23.1,-14.1,-28.5,39.3,-46.5,211.4
2003,10,29,1856,52941,68160,0,-23.6,-13.3,-28.4,39.3,-46.3,209.3
2003,10,29,1857,52941,68220,0,-23.3,-13.9,-27.8,38.8,-45.7,210.7
2003,10,29,1858,52941,68280,0,-23.4,-14.8,-26.8,38.5,-44.0,212.2
2003,10,29,1859,52941,68340,0,-23.2,-16.6,-25.7,38.4,-42.0,215.6
2003,10,29,1900,52941,68400,0,-23.5,-17.6,-24.7,38.4,-40.1,216.8
2003,10,29,1901,52941,68460,0,-23.8,-17.1,-25.0,38.5,-40.5,215.7
2003,10,29,1902,52941,68520,0,-23.5,-15.5,-26.2,38.4,-42.9,213.4
2003,10,29,1903,52941,68580,0,-23.9,-11.8,-28.6,39.1,-47.0,206.2
2003,10,29,1904,52941,68640,0,-25.1,-11.4,-27.7,39.1,-45.2,204.3
2003,10,29,1905,52941,68700,0,-23.7,-7.9,-30.3,39.3,-50.5,198.4
2003,10,29,1906,52941,68760,0,-22.8,-4.9,-32.6,40.1,-54.4,192.1
2003,10,29,1907,52941,68820,0,-22.8,-6.6,-32.1,39.9,-53.6,196.0
2003,10,29,1908,52941,68880,0,-22.3,-7.9,-32.0,39.8,-53.5,199.4
2003,10,29,1909,52941,68940,0,-22.6,-5.9,-32.1,39.7,-53.9,194.7
2003,10,29,1910,52941,69000,0,-22.7,-8.3,-31.5,39.7,-52.6,200.0
2003,10,29,1911,52941,69060,0,-22.8,-9.7,-31.1,39.7,-51.5,203.0
2003,10,29,1912,52941,69120,0,-22.3,-11.5,-30.6,39.6,-50.7,207.2
2003,10,29,1913,52941,69180,0,-22.2,-12.1,-30.1,39.4,-50.0,208.7
2003,10,29,1914,52941,69240,0,-21.9,-12.2,-30.1,39.2,-50.1,209.1
2003,10,29,1915,52941,69300,0,-22.4,-10.8,-30.2,39.2,-50.6,205.7
2003,10,29,1916,52941,69360,9,-999.9,-999.9,-999.9,-999.9,-999.9,-999.9
2003,10,29,1917,52941,69420,9,-999.9,-999.9,-999.9,-999.9,-999.9,-999.9
2003,10,29,1918,52941,69480,9,-999.9,-999.9,-999.9,-999.9,-999.9,-999.9
2003,10,29,1919,52941,69540,9,-999.9,-999.9,-999.9,-999.9,-999.9,-999.9
2003,10,29,1920,52941,69600,9,-999.9,-999.9,-999.9,-999.9,-999.9,-999.9
2003,10,29,1921,52941,69660,9,-999.9,-999.9,-999.9,-999.9,-999.9,-999.9
2003,10,29,1922,52941,69720,9,-999.9,-999.9,-999.9,-999.9,-999.9,-999.9
2003,10,29,1923,52941,69780,9,-999.9,-999.9,-999.9,-999.9,-999.9,-999.9
2003,10,29,1924,52941,69840,9,-999.9,-999.9,-999.9,-999.9,-999.9,-999.9
2003,10,29,1925,52941,69900,9,-999.9,-999.9,-999.9,-999.9,-999.9,-999.9
2003,10,29,1926,52941,69960,9,-999.9,-999.9,-999.9,-999.9,-999.9,-999.9
2003,10,29,1927,52941,70020,9,-999.9,-999.9,-999.9,-999.9,-999.9,-999.9
2003,10,29,1928,52941,70080,9,-999.9,-999.9,-999.9,-999.9,-999.9,-999.9
2003,10,29,1929,52941,70140,9,-999.9,-999.9,-999.9,-999.9,-999.9,-999.9
2003,10,29,1930,52941,70200,9,-999.9,-999.9,-999.9,-999.9,-999.9,-999.9
2003,10,29,1931,52941,70260,9,-999.9,-999.9,-999.9,-999.9,-999.9,-999.9
2003,10,29,1932,52941,70320,9,-999.9,-999.9,-999.9,-999.9,-999.9,-999.9
2003,10,29,1933,52941,70380,9,-999.9,-999.9,-999.9,-999.9,-999.9,-999.9
2003,10,29,1934,52941,70440,9,-999.9,-999.9,-999.9,-999.9,-999.9,-999.9
2003,10,29,1935,52941,70500,9,-999.9,-999.9,-999.9,-999.9,-999.9,-999.9
2003,10,29,1936,52941,70560,9,-999.9,-999.9,-999.9,-999.9,-999.9,-999.9
2003,10,29,1937,52941,70620,9,-999.9,-999.9,-999.9,-999.9,-999.9,-999.9
2003,10,29,1938,52941,70680,0,-22.0,-7.6,-22.5,32.4,-44.0,199.1
2003,10,29,1939,52941,70740,0,-22.1,-11.2,-27.3,36.9,-47.8,207.0
2003,10,29,1940,52941,70800,0,-21.7,-12.3,-27.2,36.9,-47.5,209.4
2003,10,29,1941,52941,70860,0,-22.1,-8.7,-27.4,36.2,-49.1,201.5
2003,10,29,1942,52941,70920,0,-21.4,-7.0,-27.5,35.6,-50.7,198.0
2003,10,29,1943,52941,70980,0,-20.9,-9.0,-27.2,35.5,-50.1,203.2
2003,10,29,1944,52941,71040,0,-20.3,-9.4,-26.9,35.0,-50.2,204.7
2003,10,29,1945,52941,71100,0,-20.3,-10.1,-26.5,34.9,-49.4,206.3
2003,10,29,1946,52941,71160,0,-20.3,-10.9,-26.1,34.9,-48.6,208.3
2003,10,29,1947,52941,71220,0,-19.8,-12.5,-25.5,34.6,-47.5,212.2
2003,10,29,1948,52941,71280,0,-19.6,-11.9,-25.5,34.3,-48.0,211.2
2003,10,29,1949,52941,71340,0,-20.1,-10.1,-25.8,34.3,-48.9,206.6
2003,10,29,1950,52941,71400,0,-19.8,-9.2,-25.7,33.8,-49.7,204.8
2003,10,29,1951,52941,71460,0,-19.6,-8.5,-25.9,33.6,-50.5,203.5
2003,10,29,1952,52941,71520,0,-19.5,-8.8,-26.8,34.3,-51.5,204.3
2003,10,29,1953,52941,71580,0,-19.6,-7.8,-26.8,34.1,-51.8,201.8
2003,10,29,1954,52941,71640,0,-19.2,-10.9,-25.5,33.7,-49.2,209.7
2003,10,29,1955,52941,71700,0,-18.2,-13.1,-25.3,33.8,-48.4,215.7
2003,10,29,1956,52941,71760,0,-18.8,-12.1,-25.4,33.8,-48.7,212.7
2003,10,29,1957,52941,71820,0,-19.5,-10.5,-25.7,34.0,-49.3,208.2
2003,10,29,1958,52941,71880,0,-19.7,-10.2,-25.6,33.9,-49.1,207.4
2003,10,29,1959,52941,71940,0,-19.2,-10.3,-25.6,33.7,-49.6,208.1
2003,10,29,2000,52941,72000,0,-18.7,-10.6,-25.3,33.2,-49.6,209.6
2003,10,29,2001,52941,72060,0,-19.2,-9.5,-25.2,33.1,-49.6,206.2
2003,10,29,2002,52941,72120,0,-17.5,-6.9,-26.8,32.7,-54.9,201.6
2003,10,29,2003,52941,72180,0,-19.1,-8.9,-25.6,33.2,-50.6,205.1
2003,10,29,2004,52941,72240,0,-18.6,-8.1,-25.9,32.9,-52.0,203.4
2003,10,29,2005,52941,72300,0,-19.4,-6.9,-25.2,32.5,-50.8,199.7
2003,10,29,2006,52941,72360,0,-17.5,-4.6,-27.0,32.5,-56.2,194.7
2003,10,29,2007,52941,72420,0,-17.3,-5.2,-26.6,32.2,-55.9,196.8
2003,10,29,2008,52941,72480,0,-14.5,-2.0,-28.6,32.2,-62.9,187.7
2003,10,29,2009,52941,72540,0,-16.2,-3.9,-28.2,32.8,-59.4,193.3
2003,10,29,2010,52941,72600,0,-18.6,-6.8,-28.6,34.8,-55.3,200.2
2003,10,29,2011,52941,72660,0,-18.3,-7.0,-28.3,34.5,-55.3,200.9
2003,10,29,2012,52941,72720,0,-18.0,-6.7,-28.3,34.2,-55.8,200.4
2003,10,29,2013,52941,72780,0,-15.5,-0.5,-30.3,34.0,-62.9,182.0
2003,10,29,2014,52941,72840,0,-15.6,0.2,-30.0,33.8,-62.5,179.3
2003,10,29,2015,52941,72900,0,-14.0,2.4,-30.5,33.7,-65.0,170.2
2003,10,29,2016,52941,72960,0,-12.4,1.6,-30.9,33.3,-68.0,172.8
2003,10,29,2017,52941,73020,0,-12.1,3.1,-31.1,33.5,-68.2,165.7
2003,10,29,2018,52941,73080,0,-10.8,2.0,-31.4,33.3,-70.7,169.6
2003,10,29,2019,52941,73140,0,-10.9,-0.0,-31.4,33.2,-70.9,180.2
2003,10,29,2020,52941,73200,0,-10.8,-2.9,-31.1,33.0,-70.3,195.1
2003,10,29,2021,52941,73260,0,-10.8,0.1,-30.7,32.6,-70.6,179.6
2003,10,29,2022,52941,73320,0,-11.5,-1.9,-30.6,32.7,-69.2,189.6
2003,10,29,2023,52941,73380,0,-11.4,-4.0,-30.3,32.6,-68.2,199.2
2003,10,29,2024,52941,73440,0,-10.1,-4.7,-30.7,32.6,-70.0,204.8
2003,10,29,2025,52941,73500,0,-9.0,-6.3,-30.7,32.6,-70.4,215.0
2003,10,29,2026,52941,73560,0,-8.7,-5.1,-30.8,32.4,-71.8,210.4
2003,10,29,2027,52941,73620,0,-6.3,-6.5,-30.5,31.8,-73.5,225.8
2003,10,29,2028,52941,73680,0,-6.2,-8.3,-30.5,32.2,-71.2,233.3
2003,10,29,2029,52941,73740,0,-6.4,-3.5,-30.6,31.5,-76.6,208.7
2003,10,29,2030,52941,73800,0,-9.3,-2.1,-29.4,30.9,-72.0,192.5
2003,10,29,2031,52941,73860,0,-6.0,4.6,-30.4,31.4,-76.0,143.0
2003,10,29,2032,52941,73920,0,-7.0,2.4,-30.7,31.5,-76.5,161.0
2003,10,29,2033,52941,73980,0,-7.1,2.9,-31.0,31.9,-76.1,158.1
2003,10,29,2034,52941,74040,0,-8.0,1.9,-30.7,31.7,-75.1,166.7
2003,10,29,2035,52941,74100,0,-10.9,-3.2,-29.5,31.6,-69.0,196.2
2003,10,29,2036,52941,74160,0,-10.2,-0.3,-29.8,31.5,-71.1,181.7
2003,10,29,2037,52941,74220,0,-9.2,-2.0,-29.9,31.3,-72.6,192.3
2003,10,29,2038,52941,74280,0,-8.1,-2.5,-30.3,31.4,-74.3,197.2
2003,10,29,2039,52941,74340,0,-10.4,-1.0,-29.6,31.4,-70.6,185.8
2003,10,29,2040,52941,74400,0,-13.9,-3.7,-27.7,31.2,-62.6,194.9
2003,10,29,2041,52941,74460,0,-12.4,-1.2,-28.4,31.0,-66.4,185.7
2003,10,29,2042,52941,74520,0,-13.2,-1.5,-28.3,31.2,-64.8,186.5
2003,10,29,2043,52941,74580,0,-10.1,2.1,-29.3,31.1,-70.6,168.5
2003,10,29,2044,52941,74640,0,-10.0,1.5,-29.2,30.9,-70.8,171.4
2003,10,29,2045,52941,74700,0,-11.2,-1.0,-28.8,30.9,-68.8,185.2
2003,10,29,2046,52941,74760,0,-10.9,-0.8,-28.8,30.8,-69.3,184.2
2003,10,29,2047,52941,74820,0,-9.1,1.4,-29.4,30.8,-72.6,171.2
2003,10,29,2048,52941,74880,0,-7.7,2.5,-29.8,30.9,-74.8,161.8
2003,10,29,2049,52941,74940,0,-7.8,1.5,-29.8,30.9,-75.1,169.5
2003,10,29,2050,52941,75000,0,-8.9,2.0,-29.4,30.8,-72.7,167.7
2003,10,29,2051,52941,75060,0,-8.3,1.5,-29.6,30.8,-74.0,169.6
2003,10,29,2052,52941,75120,0,-9.0,1.7,-29.3,30.7,-72.6,169.3
2003,10,29,2053,52941,75180,0,-10.7,3.0,-28.4,30.5,-68.7,164.1
2003,10,29,2054,52941,75240,0,-10.7,3.2,-28.3,30.4,-68.4,163.3
2003,10,29,2055,52941,75300,0,-10.9,2.7,-28.1,30.3,-68.2,166.2
2003,10,29,2056,52941,75360,0,-10.5,3.5,-28.1,30.2,-68.6,161.7
2003,10,29,2057,52941,75420,0,-8.7,5.1,-28.3,30.1,-70.4,149.4
2003,10,29,2058,52941,75480,0,-10.6,4.1,-28.0,30.2,-67.9,158.9
2003,10,29,2059,52941,75540,0,-11.6,3.0,-27.8,30.3,-66.8,165.6
2003,10,29,2100,52941,75600,0,-11.4,1.6,-28.0,30.3,-67.6,172.1
2003,10,29,2101,52941,75660,0,-11.3,2.3,-28.0,30.2,-67.7,168.4
2003,10,29,2102,52941,75720,0,-11.5,2.3,-27.8,30.1,-67.2,168.6
2003,10,29,2103,52941,75780,0,-12.0,2.7,-27.5,30.1,-65.8,167.3
2003,10,29,2104,52941,75840,0,-13.1,3.7,-26.8,30.0,-63.1,164.4
2003,10,29,2105,52941,75900,0,-12.4,2.9,-27.1,30.0,-64.9,167.0
2003,10,29,2106,52941,75960,0,-11.0,3.2,-27.7,30.0,-67.5,163.9
2003,10,29,2107,52941,76020,0,-12.0,4.4,-27.1,29.9,-64.8,159.9
2003,10,29,2108,52941,76080,0,-11.6,3.2,-27.5,30.0,-66.3,164.4
2003,10,29,2109,52941,76140,0,-11.4,2.7,-27.6,30.0,-67.0,166.7
2003,10,29,2110,52941,76200,0,-11.2,3.1,-27.6,29.9,-67.2,164.5
2003,10,29,2111,52941,76260,0,-11.4,3.6,-27.4,29.8,-66.4,162.5
2003,10,29,2112,52941,76320,0,-12.5,3.7,-26.7,29.8,-64.0,163.3
2003,10,29,2113,52941,76380,0,-13.3,3.5,-26.4,29.8,-62.4,165.4
2003,10,29,2114,52941,76440,0,-12.6,3.4,-26.6,29.7,-64.0,165.0
2003,10,29,2115,52941,76500,0,-11.8,4.7,-26.8,29.7,-64.6,158.2
2003,10,29,2116,52941,76560,0,-10.7,5.4,-27.1,29.7,-66.2,153.3
2003,10,29,2117,52941,76620,0,-11.6,4.1,-26.9,29.6,-65.5,160.4
2003,10,29,2118,52941,76680,0,-12.9,2.5,-26.6,29.6,-63.7,169.2
2003,10,29,2119,52941,76740,0,-12.5,2.6,-26.7,29.6,-64.4,168.3
2003,10,29,2120,52941,76800,0,-13.2,2.1,-26.3,29.4,-63.1,170.9
2003,10,29,2121,52941,76860,0,-13.5,2.5,-26.0,29.4,-62.2,169.4
2003,10,29,2122,52941,76920,0,-15.8,2.1,-24.5,29.2,-57.0,172.5
2003,10,29,2123,52941,76980,0,-14.9,2.6,-25.0,29.2,-58.8,170.2
2003,10,29,2124,52941,77040,0,-14.6,3.5,-25.1,29.2,-59.1,166.6
2003,10,29,2125,52941,77100,0,-13.9,3.9,-25.3,29.2,-60.3,164.4
2003,10,29,2126,52941,77160,0,-14.2,3.7,-25.0,29.0,-59.6,165.3
2003,10,29,2127,52941,77220,0,-12.2,3.0,-26.2,29.1,-64.4,166.0
2003,10,29,2128,52941,77280,0,-13.6,3.7,-25.0,28.7,-60.6,164.9
2003,10,29,2129,52941,77340,0,-13.5,4.3,-25.1,28.8,-60.6,162.3
2003,10,29,2130,52941,77400,0,-12.5,4.1,-25.7,28.9,-62.9,161.9
2003,10,29,2131,52941,77460,0,-11.7,3.7,-26.1,28.8,-64.7,162.6
2003,10,29,2132,52941,77520,0,-10.2,2.5,-26.9,28.9,-68.7,166.4
2003,10,29,2133,52941,77580,0,-10.2,2.7,-26.7,28.8,-68.5,165.1
2003,10,29,2134,52941,77640,0,-10.8,3.0,-26.3,28.6,-66.9,164.7
2003,10,29,2135,52941,77700,0,-9.1,0.8,-26.9,28.4,-71.4,174.9
2003,10,29,2136,52941,77760,0,-9.1,2.2,-26.7,28.3,-70.6,166.6
2003,10,29,2137,52941,77820,0,-9.0,1.2,-26.7,28.2,-71.3,172.3
2003,10,29,2138,52941,77880,0,-8.1,0.5,-26.7,27.9,-73.1,176.1
2003,10,29,2139,52941,77940,0,-7.4,0.1,-26.8,27.8,-74.7,179.0
2003,10,29,2140,52941,78000,9,-999.9,-999.9,-999.9,-999.9,-999.9,-999.9
2003,10,29,2141,52941,78060,9,-999.9,-999.9,-999.9,-999.9,-999.9,-999.9
2003,10,29,2142,52941,78120,9,-999.9,-999.9,-999.9,-999.9,-999.9,-999.9
2003,10,29,2143,52941,78180,9,-999.9,-999.9,-999.9,-999.9,-999.9,-999.9
2003,10,29,2144,52941,78240,9,-999.9,-999.9,-999.9,-999.9,-999.9,-999.9
2003,10,29,2145,52941,78300,9,-999.9,-999.9,-999.9,-999.9,-999.9,-999.9
2003,10,29,2146,52941,78360,9,-999.9,-999.9,-999.9,-999.9,-999.9,-999.9
2003,10,29,2147,52941,78420,9,-999.9,-999.9,-999.9,-999.9,-999.9,-999.9
2003,10,29,2148,52941,78480,9,-999.9,-999.9,-999.9,-999.9,-999.9,-999.9
2003,10,29,2149,52941,78540,9,-999.9,-999.9,-999.9,-999.9,-999.9,-999.9
2003,10,29,2150,52941,78600,9,-999.9,-999.9,-999.9,-999.9,-999.9,-999.9
2003,10,29,2151,52941,78660,9,-999.9,-999.9,-999.9,-999.9,-999.9,-999.9
2003,10,29,2152,52941,78720,9,-999.9,-999.9,-999.9,-999.9,-999.9,-999.9
2003,10,29,2153,52941,78780,9,-999.9,-999.9,-999.9,-999.9,-999.9,-999.9
2003,10,29,2154,52941,78840,9,-999.9,-999.9,-999.9,-999.9,-999.9,-999.9
2003,10,29,2155,52941,78900,9,-999.9,-999.9,-999.9,-999.9,-999.9,-999.9
2003,10,29,2156,52941,78960,9,-999.9,-999.9,-999.9,-999.9,-999.9,-999.9
2003,10,29,2157,52941,79020,9,-999.9,-999.9,-999.9,-999.9,-999.9,-999.9
2003,10,29,2158,52941,79080,9,-999.9,-999.9,-999.9,-999.9,-999.9,-999.9
2003,10,29,2159,52941,79140,9,-999.9,-999.9,-999.9,-999.9,-999.9,-999.9
2003,10,29,2200,52941,79200,9,-999.9,-999.9,-999.9,-999.9,-999.9,-999.9
2003,10,29,2201,52941,79260,9,-999.9,-999.9,-999.9,-999.9,-999.9,-999.9
2003,10,29,2202,52941,79320,9,-999.9,-999.9,-999.9,-999.9,-999.9,-999.9
2003,10,29,2203,52941,79380,9,-999.9,-999.9,-999.9,-999.9,-999.9,-999.9
2003,10,29,2204,52941,79440,9,-999.9,-999.9,-999.9,-999.9,-999.9,-999.9
2003,10,29,2205,52941,79500,9,-999.9,-999.9,-999.9,-999.9,-999.9,-999.9
2003,10,29,2206,52941,79560,9,-999.9,-999.9,-999.9,-999.9,-999.9,-999.9
2003,10,29,2207,52941,79620,9,-999.9,-999.9,-999.9,-999.9,-999.9,-999.9
2003,10,29,2208,52941,79680,9,-999.9,-999.9,-999.9,-999.9,-999.9,-999.9
2003,10,29,2209,52941,79740,9,-999.9,-999.9,-999.9,-999.9,-999.9,-999.9
2003,10,29,2210,52941,79800,9,-999.9,-999.9,-999.9,-999.9,-999.9,-999.9
2003,10,29,2211,52941,79860,9,-999.9,-999.9,-999.9,-999.9,-999.9,-999.9
2003,10,29,2212,52941,79920,9,-999.9,-999.9,-999.9,-999.9,-999.9,-999.9
2003,10,29,2213,52941,79980,9,-999.9,-999.9,-999.9,-999.9,-999.9,-999.9
2003,10,29,2214,52941,80040,9,-999.9,-999.9,-999.9,-999.9,-999.9,-999.9
2003,10,29,2215,52941,80100,9,-999.9,-999.9,-999.9,-999.9,-999.9,-999.9
2003,10,29,2216,52941,80160,9,-999.9,-999.9,-999.9,-999.9,-999.9,-999.9
2003,10,29,2217,52941,80220,9,-999.9,-999.9,-999.9,-999.9,-999.9,-999.9
2003,10,29,2218,52941,80280,9,-999.9,-999.9,-999.9,-999.9,-999.9,-999.9
2003,10,29,2219,52941,80340,9,-999.9,-999.9,-999.9,-999.9,-999.9,-999.9
2003,10,29,2220,52941,80400,9,-999.9,-999.9,-999.9,-999.9,-999.9,-999.9
2003,10,29,2221,52941,80460,9,-999.9,-999.9,-999.9,-999.9,-999.9,-999.9
2003,10,29,2222,52941,80520,9,-999.9,-999.9,-999.9,-999.9,-999.9,-999.9
2003,10,29,2223,52941,80580,9,-999.9,-999.9,-999.9,-999.9,-999.9,-999.9
2003,10,29,2224,52941,80640,9,-999.9,-999.9,-999.9,-999.9,-999.9,-999.9
2003,10,29,2225,52941,80700,9,-999.9,-999.9,-999.9,-999.9,-999.9,-999.9
2003,10,29,2226,52941,80760,9,-999.9,-999.9,-999.9,-999.9,-999.9,-999.9
2003,10,29,2227,52941,80820,9,-999.9,-999.9,-999.9,-999.9,-999.9,-999.9
2003,10,29,2228,52941,80880,9,-999.9,-999.9,-999.9,-999.9,-999.9,-999.9
2003,10,29,2229,52941,80940,9,-999.9,-999.9,-999.9,-999.9,-999.9,-999.9
2003,10,29,2230,52941,81000,9,-999.9,-999.9,-999.9,-999.9,-999.9,-999.9
2003,10,29,2231,52941,81060,9,-999.9,-999.9,-999.9,-999.9,-999.9,-999.9
2003,10,29,2232,52941,81120,9,-999.9,-999.9,-999.9,-999.9,-999.9,-999.9
2003,10,29,2233,52941,81180,9,-999.9,-999.9,-999.9,-999.9,-999.9,-999.9
2003,10,29,2234,52941,81240,9,-999.9,-999.9,-999.9,-999.9,-999.9,-999.9
2003,10,29,2235,52941,81300,9,-999.9,-999.9,-999.9,-999.9,-999.9,-999.9
2003,10,29,2236,52941,81360,9,-999.9,-999.9,-999.9,-999.9,-999.9,-999.9
2003,10,29,2237,52941,81420,0,-1.7,-7.6,-23.1,24.4,-71.4,257.7
2003,10,29,2238,52941,81480,0,-2.1,-7.1,-24.1,25.2,-72.9,253.7
2003,10,29,2239,52941,81540,0,-3.1,-6.2,-24.2,25.1,-74.1,243.1
2003,10,29,2240,52941,81600,0,-2.3,-6.2,-24.3,25.2,-74.8,249.2
2003,10,29,2241,52941,81660,0,-1.2,-6.0,-23.9,24.7,-75.7,258.4
2003,10,29,2242,52941,81720,0,-2.3,-5.9,-23.6,24.4,-75.1,248.8
2003,10,29,2243,52941,81780,0,-2.8,-5.5,-23.7,24.4,-75.4,242.9
2003,10,29,2244,52941,81840,0,-3.3,-5.0,-23.6,24.4,-75.8,236.6
2003,10,29,2245,52941,81900,0,-9.4,0.9,-21.1,23.1,-65.8,174.6
2003,10,29,2246,52941,81960,0,-11.3,4.2,-19.9,23.3,-58.9,159.5
2003,10,29,2247,52941,82020,0,-10.7,2.3,-20.3,23.1,-61.8,167.9
2003,10,29,2248,52941,82080,0,-8.7,3.2,-21.1,23.1,-66.3,160.1
2003,10,29,2249,52941,82140,0,-8.1,1.9,-21.4,23.0,-68.7,166.6
2003,10,29,2250,52941,82200,0,-6.8,-0.2,-21.5,22.5,-72.4,181.9
2003,10,29,2251,52941,82260,0,-11.7,-4.2,-18.4,22.3,-56.0,199.8
2003,10,29,2252,52941,82320,0,-9.6,0.3,-20.6,22.7,-64.9,178.0
2003,10,29,2253,52941,82380,0,-9.8,0.1,-20.6,22.8,-64.5,179.1
2003,10,29,2254,52941,82440,0,-11.4,1.7,-19.7,22.8,-59.6,171.6
2003,10,29,2255,52941,82500,0,-9.5,-1.9,-20.0,22.2,-64.2,191.1
2003,10,29,2256,52941,82560,0,-15.0,3.6,-15.5,21.9,-45.3,166.4
2003,10,29,2257,52941,82620,0,-16.3,5.7,-14.2,22.3,-39.6,160.8
2003,10,29,2258,52941,82680,0,-12.2,1.5,-17.7,21.5,-55.2,172.9
2003,10,29,2259,52941,82740,0,-5.3,-1.7,-20.9,21.6,-75.1,197.7
2003,10,29,2300,52941,82800,0,-3.9,-4.0,-20.8,21.6,-75.1,225.8
2003,10,29,2301,52941,82860,0,-3.8,-2.8,-21.1,21.6,-77.3,216.2
2003,10,29,2302,52941,82920,0,-1.7,-5.2,-20.8,21.6,-75.3,251.4
2003,10,29,2303,52941,82980,0,-2.2,-5.1,-20.9,21.6,-75.1,246.3
2003,10,29,2304,52941,83040,0,-5.8,-1.0,-21.0,21.8,-74.3,189.5
2003,10,29,2305,52941,83100,0,-4.5,-3.8,-20.7,21.5,-74.2,220.4
2003,10,29,2306,52941,83160,0,-3.7,-4.4,-20.9,21.7,-74.7,230.1
2003,10,29,2307,52941,83220,0,-3.7,-5.0,-20.8,21.7,-73.3,233.4
2003,10,29,2308,52941,83280,0,-5.3,-2.7,-20.7,21.6,-74.0,207.0
2003,10,29,2309,52941,83340,0,-5.7,-2.2,-20.4,21.3,-73.3,200.6
2003,10,29,2310,52941,83400,0,-5.4,-2.4,-20.6,21.4,-74.0,204.2
2003,10,29,2311,52941,83460,0,-4.2,-3.3,-20.9,21.5,-75.6,217.8
2003,10,29,2312,52941,83520,0,-3.8,-3.2,-21.1,21.7,-76.7,219.8
2003,10,29,2313,52941,83580,0,-3.6,-3.0,-21.0,21.5,-77.4,219.7
2003,10,29,2314,52941,83640,0,-3.3,-2.7,-21.0,21.4,-78.5,218.5
2003,10,29,2315,52941,83700,0,-3.4,-3.4,-20.7,21.2,-76.9,224.5
2003,10,29,2316,52941,83760,0,-3.5,-2.8,-20.7,21.2,-77.7,219.1
2003,10,29,2317,52941,83820,0,-3.5,-3.0,-20.6,21.1,-77.3,220.5
2003,10,29,2318,52941,83880,0,-3.5,-3.2,-20.4,20.9,-76.9,223.1
2003,10,29,2319,52941,83940,0,-3.7,-2.8,-20.2,20.7,-77.1,217.1
2003,10,29,2320,52941,84000,0,-3.0,-3.2,-20.1,20.6,-77.7,227.7
2003,10,29,2321,52941,84060,0,-3.5,-2.7,-20.0,20.5,-77.6,217.2
2003,10,29,2322,52941,84120,0,-3.2,-2.5,-19.9,20.3,-78.4,218.2
2003,10,29,2323,52941,84180,0,-2.6,-3.2,-19.9,20.3,-78.3,231.3
2003,10,29,2324,52941,84240,0,-3.5,-2.4,-20.1,20.5,-77.9,214.8
2003,10,29,2325,52941,84300,0,-3.9,-2.2,-19.8,20.3,-77.2,209.1
2003,10,29,2326,52941,84360,0,-2.8,-2.4,-19.7,20.1,-79.4,221.2
2003,10,29,2327,52941,84420,0,-2.7,-2.3,-19.6,19.9,-79.8,220.4
2003,10,29,2328,52941,84480,0,-3.3,-2.0,-19.4,19.8,-78.9,210.9
2003,10,29,2329,52941,84540,0,-4.0,-2.3,-19.1,19.6,-76.4,209.7
2003,10,29,2330,52941,84600,0,-2.7,-2.3,-19.4,19.7,-79.7,220.2
2003,10,29,2331,52941,84660,0,-3.3,-2.1,-19.2,19.6,-78.5,212.1
2003,10,29,2332,52941,84720,0,-2.4,-3.5,-19.1,19.6,-77.4,235.8
2003,10,29,2333,52941,84780,0,-1.1,-4.8,-18.9,19.5,-75.3,257.2
2003,10,29,2334,52941,84840,0,-0.8,-6.0,-18.5,19.5,-71.8,262.7
2003,10,29,2335,52941,84900,0,-2.1,-3.9,-18.9,19.4,-76.7,241.8
2003,10,29,2336,52941,84960,0,-3.0,-4.4,-19.3,20.0,-74.4,235.5
2003,10,29,2337,52941,85020,0,-5.2,0.7,-20.0,20.7,-75.4,172.3
2003,10,29,2338,52941,85080,0,-4.1,-1.2,-20.2,20.7,-78.0,196.3
2003,10,29,2339,52941,85140,0,-3.9,-1.9,-20.6,21.0,-78.0,206.2
2003,10,29,2340,52941,85200,0,-4.2,-1.0,-20.8,21.3,-78.2,193.4
2003,10,29,2341,52941,85260,0,-3.5,-1.5,-21.0,21.3,-79.8,202.6
2003,10,29,2342,52941,85320,0,-3.3,-1.8,-21.0,21.3,-79.9,208.1
2003,10,29,2343,52941,85380,0,-3.0,-2.4,-21.0,21.3,-79.7,218.2
2003,10,29,2344,52941,85440,0,-1.7,-3.9,-20.2,20.6,-78.1,246.3
2003,10,29,2345,52941,85500,0,-2.2,-2.8,-20.1,20.4,-79.9,231.3
2003,10,29,2346,52941,85560,0,-2.5,-1.4,-19.9,20.1,-81.8,209.3
2003,10,29,2347,52941,85620,0,-3.4,1.6,-19.8,20.1,-79.2,155.0
2003,10,29,2348,52941,85680,0,-3.4,2.8,-19.6,20.1,-77.4,140.6
2003,10,29,2349,52941,85740,0,-3.5,1.8,-19.6,20.0,-78.7,153.6
2003,10,29,2350,52941,85800,0,-4.2,1.3,-19.3,19.8,-77.3,162.6
2003,10,29,2351,52941,85860,0,-5.6,1.7,-18.9,19.8,-72.7,162.7
2003,10,29,2352,52941,85920,0,-6.1,2.2,-18.6,19.7,-70.7,160.4
2003,10,29,2353,52941,85980,0,-7.5,2.1,-17.1,18.8,-65.4,164.5
2003,10,29,2354,52941,86040,0,-5.9,1.4,-17.6,18.7,-70.9,166.8
2003,10,29,2355,52941,86100,0,-5.2,2.6,-17.7,18.6,-71.8,153.9
2003,10,29,2356,52941,86160,0,-7.5,3.0,-16.3,18.2,-63.7,157.9
2003,10,29,2357,52941,86220,0,-7.7,2.9,-16.1,18.0,-62.9,159.6
2003,10,29,2358,52941,86280,0,-8.4,2.7,-15.7,18.0,-60.6,161.9
2003,10,29,2359,52941,86340,0,-8.5,3.3,-15.3,17.8,-59.4,158.6