Date_UTC,SME,SML,SMU
2003-10-29 00:00:00,1005,-582,423
2003-10-29 00:01:00,999,-574,426
2003-10-29 00:02:00,994,-591,403
2003-10-29 00:03:00,1088,-642,446
2003-10-29 00:04:00,1136,-694,442
2003-10-29 00:05:00,1072,-657,415
2003-10-29 00:06:00,1075,-674,401
2003-10-29 00:07:00,1141,-664,476
2003-10-29 00:08:00,1165,-650,515
2003-10-29 00:09:00,1191,-652,539
2003-10-29 00:10:00,1214,-630,583
2003-10-29 00:11:00,1215,-659,556
2003-10-29 00:12:00,1208,-679,529
2003-10-29 00:13:00,1228,-681,547
2003-10-29 00:14:00,1169,-696,473
2003-10-29 00:15:00,1100,-740,361
2003-10-29 00:16:00,1155,-745,410
2003-10-29 00:17:00,1216,-782,435
2003-10-29 00:18:00,1233,-775,458
2003-10-29 00:19:00,1111,-662,448
2003-10-29 00:20:00,1083,-657,425
2003-10-29 00:21:00,1027,-630,397
2003-10-29 00:22:00,1026,-582,444
2003-10-29 00:23:00,1078,-541,538
2003-10-29 00:24:00,1101,-517,584
2003-10-29 00:25:00,1073,-526,547
2003-10-29 00:26:00,1049,-539,511
2003-10-29 00:27:00,1012,-546,466
2003-10-29 00:28:00,1035,-569,466
2003-10-29 00:29:00,1046,-570,476
2003-10-29 00:30:00,1004,-558,445
2003-10-29 00:31:00,1011,-566,444
2003-10-29 00:32:00,1059,-579,480
2003-10-29 00:33:00,1087,-598,489
2003-10-29 00:34:00,1069,-613,456
2003-10-29 00:35:00,1040,-586,454
2003-10-29 00:36:00,965,-520,444
2003-10-29 00:37:00,960,-517,442
2003-10-29 00:38:00,997,-531,466
2003-10-29 00:39:00,995,-526,469
2003-10-29 00:40:00,913,-496,417
2003-10-29 00:41:00,979,-530,449
2003-10-29 00:42:00,982,-541,441
2003-10-29 00:43:00,923,-522,401
2003-10-29 00:44:00,845,-503,342
2003-10-29 00:45:00,853,-516,337
2003-10-29 00:46:00,864,-521,343
2003-10-29 00:47:00,847,-506,340
2003-10-29 00:48:00,867,-502,365
2003-10-29 00:49:00,812,-465,347
2003-10-29 00:50:00,790,-442,348
2003-10-29 00:51:00,781,-429,352
2003-10-29 00:52:00,852,-425,427
2003-10-29 00:53:00,919,-431,488
2003-10-29 00:54:00,911,-429,482
2003-10-29 00:55:00,862,-429,433
2003-10-29 00:56:00,783,-411,372
2003-10-29 00:57:00,718,-399,319
2003-10-29 00:58:00,719,-396,323
2003-10-29 00:59:00,720,-407,313
2003-10-29 01:00:00,730,-420,310
2003-10-29 01:01:00,720,-414,306
2003-10-29 01:02:00,674,-382,292
2003-10-29 01:03:00,632,-348,284
2003-10-29 01:04:00,634,-353,281
2003-10-29 01:05:00,607,-340,267
2003-10-29 01:06:00,632,-370,262
2003-10-29 01:07:00,659,-384,274
2003-10-29 01:08:00,683,-391,291
2003-10-29 01:09:00,681,-397,284
2003-10-29 01:10:00,669,-405,265
2003-10-29 01:11:00,663,-411,251
2003-10-29 01:12:00,661,-407,254
2003-10-29 01:13:00,631,-386,245
2003-10-29 01:14:00,607,-373,234
2003-10-29 01:15:00,553,-348,205
2003-10-29 01:16:00,536,-335,200
2003-10-29 01:17:00,536,-331,205
2003-10-29 01:18:00,542,-336,206
2003-10-29 01:19:00,548,-328,220
2003-10-29 01:20:00,541,-305,236
2003-10-29 01:21:00,584,-340,244
2003-10-29 01:22:00,613,-350,263
2003-10-29 01:23:00,635,-364,272
2003-10-29 01:24:00,661,-391,270
2003-10-29 01:25:00,660,-393,267
2003-10-29 01:26:00,647,-384,263
2003-10-29 01:27:00,607,-376,231
2003-10-29 01:28:00,568,-374,194
2003-10-29 01:29:00,524,-340,184
2003-10-29 01:30:00,545,-342,204
2003-10-29 01:31:00,440,-257,183
2003-10-29 01:32:00,476,-280,196
2003-10-29 01:33:00,582,-335,247
2003-10-29 01:34:00,590,-316,274
2003-10-29 01:35:00,526,-281,245
2003-10-29 01:36:00,529,-297,232
2003-10-29 01:37:00,549,-301,248
2003-10-29 01:38:00,566,-309,257
2003-10-29 01:39:00,553,-307,246
2003-10-29 01:40:00,574,-339,235
2003-10-29 01:41:00,634,-379,255
2003-10-29 01:42:00,666,-387,279
2003-10-29 01:43:00,638,-352,286
2003-10-29 01:44:00,673,-351,322
2003-10-29 01:45:00,694,-341,354
2003-10-29 01:46:00,685,-342,344
2003-10-29 01:47:00,643,-330,313
2003-10-29 01:48:00,603,-318,285
2003-10-29 01:49:00,596,-315,281
2003-10-29 01:50:00,601,-329,271
2003-10-29 01:51:00,594,-334,261
2003-10-29 01:52:00,561,-310,250
2003-10-29 01:53:00,546,-310,236
2003-10-29 01:54:00,547,-311,236
2003-10-29 01:55:00,572,-339,234
2003-10-29 01:56:00,580,-344,236
2003-10-29 01:57:00,580,-347,234
2003-10-29 01:58:00,580,-352,228
2003-10-29 01:59:00,556,-333,224
2003-10-29 02:00:00,560,-341,219
2003-10-29 02:01:00,558,-349,209
2003-10-29 02:02:00,555,-356,199
2003-10-29 02:03:00,549,-358,191
2003-10-29 02:04:00,527,-350,176
2003-10-29 02:05:00,492,-330,162
2003-10-29 02:06:00,460,-302,158
2003-10-29 02:07:00,435,-285,150
2003-10-29 02:08:00,449,-299,150
2003-10-29 02:09:00,458,-315,143
2003-10-29 02:10:00,406,-287,119
2003-10-29 02:11:00,369,-248,122
2003-10-29 02:12:00,369,-238,131
2003-10-29 02:13:00,366,-246,120
2003-10-29 02:14:00,361,-242,119
2003-10-29 02:15:00,352,-241,111
2003-10-29 02:16:00,368,-248,121
2003-10-29 02:17:00,381,-242,139
2003-10-29 02:18:00,392,-248,143
2003-10-29 02:19:00,412,-278,133
2003-10-29 02:20:00,434,-299,135
2003-10-29 02:21:00,416,-272,144
2003-10-29 02:22:00,399,-245,154
2003-10-29 02:23:00,397,-233,164
2003-10-29 02:24:00,403,-236,167
2003-10-29 02:25:00,391,-235,156
2003-10-29 02:26:00,366,-225,141
2003-10-29 02:27:00,350,-206,144
2003-10-29 02:28:00,357,-200,156
2003-10-29 02:29:00,376,-211,165
2003-10-29 02:30:00,420,-232,188
2003-10-29 02:31:00,449,-240,209
2003-10-29 02:32:00,434,-228,205
2003-10-29 02:33:00,421,-222,198
2003-10-29 02:34:00,417,-221,196
2003-10-29 02:35:00,512,-321,191
2003-10-29 02:36:00,436,-236,200
2003-10-29 02:37:00,467,-237,230
2003-10-29 02:38:00,501,-226,275
2003-10-29 02:39:00,524,-210,314
2003-10-29 02:40:00,513,-193,320
2003-10-29 02:41:00,507,-183,324
2003-10-29 02:42:00,566,-227,339
2003-10-29 02:43:00,580,-245,336
2003-10-29 02:44:00,531,-215,316
2003-10-29 02:45:00,501,-210,291
2003-10-29 02:46:00,521,-214,307
2003-10-29 02:47:00,578,-207,370
2003-10-29 02:48:00,601,-195,406
2003-10-29 02:49:00,574,-191,383
2003-10-29 02:50:00,563,-203,360
2003-10-29 02:51:00,503,-217,286
2003-10-29 02:52:00,484,-217,267
2003-10-29 02:53:00,566,-291,275
2003-10-29 02:54:00,620,-341,279
2003-10-29 02:55:00,596,-306,290
2003-10-29 02:56:00,568,-282,287
2003-10-29 02:57:00,567,-288,279
2003-10-29 02:58:00,496,-241,256
2003-10-29 02:59:00,440,-211,229
2003-10-29 03:00:00,389,-220,170
2003-10-29 03:01:00,410,-229,181
2003-10-29 03:02:00,420,-203,217
2003-10-29 03:03:00,410,-170,240
2003-10-29 03:04:00,412,-175,237
2003-10-29 03:05:00,442,-176,266
2003-10-29 03:06:00,480,-174,305
2003-10-29 03:07:00,480,-175,304
2003-10-29 03:08:00,465,-174,292
2003-10-29 03:09:00,474,-182,292
2003-10-29 03:10:00,482,-202,280
2003-10-29 03:11:00,496,-214,282
2003-10-29 03:12:00,514,-226,288
2003-10-29 03:13:00,525,-232,293
2003-10-29 03:14:00,532,-241,291
2003-10-29 03:15:00,552,-248,303
2003-10-29 03:16:00,555,-278,277
2003-10-29 03:17:00,602,-312,291
2003-10-29 03:18:00,585,-319,266
2003-10-29 03:19:00,545,-304,241
2003-10-29 03:20:00,530,-281,249
2003-10-29 03:21:00,508,-258,250
2003-10-29 03:22:00,508,-245,263
2003-10-29 03:23:00,511,-226,285
2003-10-29 03:24:00,500,-225,274
2003-10-29 03:25:00,553,-225,327
2003-10-29 03:26:00,574,-233,342
2003-10-29 03:27:00,558,-248,311
2003-10-29 03:28:00,571,-263,308
2003-10-29 03:29:00,592,-254,338
2003-10-29 03:30:00,533,-223,309
2003-10-29 03:31:00,502,-225,277
2003-10-29 03:32:00,560,-243,317
2003-10-29 03:33:00,607,-253,354
2003-10-29 03:34:00,634,-264,370
2003-10-29 03:35:00,638,-247,391
2003-10-29 03:36:00,747,-344,403
2003-10-29 03:37:00,685,-278,407
2003-10-29 03:38:00,658,-232,425
2003-10-29 03:39:00,687,-254,433
2003-10-29 03:40:00,611,-208,403
2003-10-29 03:41:00,523,-175,347
2003-10-29 03:42:00,514,-169,345
2003-10-29 03:43:00,506,-177,329
2003-10-29 03:44:00,495,-181,314
2003-10-29 03:45:00,456,-164,292
2003-10-29 03:46:00,465,-161,305
2003-10-29 03:47:00,451,-143,309
2003-10-29 03:48:00,449,-133,316
2003-10-29 03:49:00,454,-134,320
2003-10-29 03:50:00,466,-141,325
2003-10-29 03:51:00,482,-157,324
2003-10-29 03:52:00,471,-168,303
2003-10-29 03:53:00,461,-184,278
2003-10-29 03:54:00,442,-187,255
2003-10-29 03:55:00,434,-188,246
2003-10-29 03:56:00,447,-176,271
2003-10-29 03:57:00,440,-156,283
2003-10-29 03:58:00,459,-150,309
2003-10-29 03:59:00,465,-156,309
2003-10-29 04:00:00,468,-163,305
2003-10-29 04:01:00,459,-153,306
2003-10-29 04:02:00,444,-140,304
2003-10-29 04:03:00,412,-132,279
2003-10-29 04:04:00,421,-146,276
2003-10-29 04:05:00,446,-175,271
2003-10-29 04:06:00,448,-194,253
2003-10-29 04:07:00,440,-211,229
2003-10-29 04:08:00,442,-228,215
2003-10-29 04:09:00,441,-231,210
2003-10-29 04:10:00,406,-208,198
2003-10-29 04:11:00,387,-172,215
2003-10-29 04:12:00,389,-143,246
2003-10-29 04:13:00,398,-135,264
2003-10-29 04:14:00,380,-141,239
2003-10-29 04:15:00,378,-133,245
2003-10-29 04:16:00,359,-123,236
2003-10-29 04:17:00,309,-134,176
2003-10-29 04:18:00,348,-169,179
2003-10-29 04:19:00,448,-227,221
2003-10-29 04:20:00,461,-217,244
2003-10-29 04:21:00,404,-200,205
2003-10-29 04:22:00,458,-199,259
2003-10-29 04:23:00,527,-197,330
2003-10-29 04:24:00,519,-183,336
2003-10-29 04:25:00,520,-190,330
2003-10-29 04:26:00,527,-195,331
2003-10-29 04:27:00,491,-195,296
2003-10-29 04:28:00,476,-207,269
2003-10-29 04:29:00,453,-209,244
2003-10-29 04:30:00,457,-223,234
2003-10-29 04:31:00,446,-225,221
2003-10-29 04:32:00,388,-204,184
2003-10-29 04:33:00,361,-191,169
2003-10-29 04:34:00,356,-184,172
2003-10-29 04:35:00,369,-182,187
2003-10-29 04:36:00,382,-186,196
2003-10-29 04:37:00,373,-194,180
2003-10-29 04:38:00,383,-199,184
2003-10-29 04:39:00,391,-199,192
2003-10-29 04:40:00,401,-195,207
2003-10-29 04:41:00,411,-203,208
2003-10-29 04:42:00,401,-208,192
2003-10-29 04:43:00,429,-224,205
2003-10-29 04:44:00,493,-262,231
2003-10-29 04:45:00,580,-260,320
2003-10-29 04:46:00,611,-238,373
2003-10-29 04:47:00,595,-205,390
2003-10-29 04:48:00,630,-227,403
2003-10-29 04:49:00,585,-212,373
2003-10-29 04:50:00,550,-222,329
2003-10-29 04:51:00,523,-214,309
2003-10-29 04:52:00,519,-226,293
2003-10-29 04:53:00,524,-250,274
2003-10-29 04:54:00,516,-268,248
2003-10-29 04:55:00,530,-277,253
2003-10-29 04:56:00,552,-274,278
2003-10-29 04:57:00,606,-281,325
2003-10-29 04:58:00,605,-266,338
2003-10-29 04:59:00,601,-281,320
2003-10-29 05:00:00,569,-249,320
2003-10-29 05:01:00,565,-213,352
2003-10-29 05:02:00,595,-250,345
2003-10-29 05:03:00,545,-274,271
2003-10-29 05:04:00,554,-255,298
2003-10-29 05:05:00,571,-241,329
2003-10-29 05:06:00,594,-273,321
2003-10-29 05:07:00,632,-305,328
2003-10-29 05:08:00,628,-302,326
2003-10-29 05:09:00,554,-255,299
2003-10-29 05:10:00,517,-235,283
2003-10-29 05:11:00,513,-231,282
2003-10-29 05:12:00,522,-228,295
2003-10-29 05:13:00,554,-292,262
2003-10-29 05:14:00,587,-337,250
2003-10-29 05:15:00,646,-360,286
2003-10-29 05:16:00,644,-340,305
2003-10-29 05:17:00,678,-334,344
2003-10-29 05:18:00,638,-327,311
2003-10-29 05:19:00,603,-327,276
2003-10-29 05:20:00,581,-312,269
2003-10-29 05:21:00,546,-278,268
2003-10-29 05:22:00,559,-281,278
2003-10-29 05:23:00,635,-328,307
2003-10-29 05:24:00,653,-306,347
2003-10-29 05:25:00,616,-273,343
2003-10-29 05:26:00,637,-268,369
2003-10-29 05:27:00,686,-284,402
2003-10-29 05:28:00,683,-294,389
2003-10-29 05:29:00,690,-301,389
2003-10-29 05:30:00,709,-313,395
2003-10-29 05:31:00,696,-328,367
2003-10-29 05:32:00,684,-338,346
2003-10-29 05:33:00,689,-339,350
2003-10-29 05:34:00,702,-363,339
2003-10-29 05:35:00,699,-377,322
2003-10-29 05:36:00,635,-344,291
2003-10-29 05:37:00,610,-336,274
2003-10-29 05:38:00,643,-355,288
2003-10-29 05:39:00,672,-365,307
2003-10-29 05:40:00,711,-397,314
2003-10-29 05:41:00,769,-441,328
2003-10-29 05:42:00,760,-428,332
2003-10-29 05:43:00,721,-403,318
2003-10-29 05:44:00,643,-350,293
2003-10-29 05:45:00,561,-290,271
2003-10-29 05:46:00,585,-281,305
2003-10-29 05:47:00,585,-271,314
2003-10-29 05:48:00,602,-288,314
2003-10-29 05:49:00,592,-297,294
2003-10-29 05:50:00,564,-276,288
2003-10-29 05:51:00,573,-278,295
2003-10-29 05:52:00,594,-301,293
2003-10-29 05:53:00,565,-298,267
2003-10-29 05:54:00,532,-287,245
2003-10-29 05:55:00,538,-288,250
2003-10-29 05:56:00,575,-307,268
2003-10-29 05:57:00,572,-305,267
2003-10-29 05:58:00,601,-306,295
2003-10-29 05:59:00,615,-317,298
2003-10-29 06:00:00,639,-355,284
2003-10-29 06:01:00,660,-372,287
2003-10-29 06:02:00,690,-375,315
2003-10-29 06:03:00,672,-369,303
2003-10-29 06:04:00,685,-392,293
2003-10-29 06:05:00,663,-393,270
2003-10-29 06:06:00,717,-391,326
2003-10-29 06:07:00,749,-372,377
2003-10-29 06:08:00,772,-376,395
2003-10-29 06:09:00,907,-477,430
2003-10-29 06:10:00,923,-474,448
2003-10-29 06:11:00,842,-424,418
2003-10-29 06:12:00,1175,-776,399
2003-10-29 06:13:00,2145,-1462,683
2003-10-29 06:14:00,2616,-1853,763
2003-10-29 06:15:00,3288,-2234,1054
2003-10-29 06:16:00,3546,-2730,816
2003-10-29 06:17:00,3582,-2751,831
2003-10-29 06:18:00,3414,-2581,833
2003-10-29 06:19:00,3349,-2673,675
2003-10-29 06:20:00,3368,-2674,694
2003-10-29 06:21:00,3527,-2877,650
2003-10-29 06:22:00,3292,-2790,502
2003-10-29 06:23:00,3584,-3066,518
2003-10-29 06:24:00,3712,-3180,533
2003-10-29 06:25:00,3454,-3044,410
2003-10-29 06:26:00,3337,-2899,437
2003-10-29 06:27:00,3440,-2932,508
2003-10-29 06:28:00,3510,-2944,566
2003-10-29 06:29:00,3254,-2626,627
2003-10-29 06:30:00,2701,-1963,737
2003-10-29 06:31:00,2871,-2123,748
2003-10-29 06:32:00,2882,-2215,668
2003-10-29 06:33:00,2813,-2222,590
2003-10-29 06:34:00,2789,-2280,509
2003-10-29 06:35:00,2975,-2589,386
2003-10-29 06:36:00,2952,-2530,422
2003-10-29 06:37:00,2662,-2421,242
2003-10-29 06:38:00,2640,-2412,229
2003-10-29 06:39:00,2608,-2387,222
2003-10-29 06:40:00,2736,-2358,379
2003-10-29 06:41:00,2739,-2291,448
2003-10-29 06:42:00,2780,-2238,542
2003-10-29 06:43:00,2420,-2108,312
2003-10-29 06:44:00,3261,-3023,238
2003-10-29 06:45:00,3883,-3628,255
2003-10-29 06:46:00,3423,-3132,291
2003-10-29 06:47:00,3036,-2721,315
2003-10-29 06:48:00,3420,-3086,334
2003-10-29 06:49:00,3963,-3637,326
2003-10-29 06:50:00,3887,-3542,345
2003-10-29 06:51:00,3599,-3194,406
2003-10-29 06:52:00,2907,-2510,397
2003-10-29 06:53:00,3344,-2181,1163
2003-10-29 06:54:00,3281,-2286,995
2003-10-29 06:55:00,3308,-2394,914
2003-10-29 06:56:00,3183,-2378,805
2003-10-29 06:57:00,3232,-2431,801
2003-10-29 06:58:00,3565,-2768,798
2003-10-29 06:59:00,3284,-2391,893
2003-10-29 07:00:00,3456,-2493,963
2003-10-29 07:01:00,3205,-2400,805
2003-10-29 07:02:00,3652,-2499,1153
2003-10-29 07:03:00,3491,-2341,1149
2003-10-29 07:04:00,3068,-2081,987
2003-10-29 07:05:00,2305,-1881,424
2003-10-29 07:06:00,2586,-1676,910
2003-10-29 07:07:00,2662,-1733,929
2003-10-29 07:08:00,2732,-1867,865
2003-10-29 07:09:00,2518,-2058,460
2003-10-29 07:10:00,2229,-1929,300
2003-10-29 07:11:00,2133,-1754,380
2003-10-29 07:12:00,2256,-1863,393
2003-10-29 07:13:00,1867,-1667,200
2003-10-29 07:14:00,1959,-1659,300
2003-10-29 07:15:00,1875,-1655,220
2003-10-29 07:16:00,2232,-2019,213
2003-10-29 07:17:00,2295,-2018,277
2003-10-29 07:18:00,2117,-1916,202
2003-10-29 07:19:00,2150,-1951,200
2003-10-29 07:20:00,2166,-1870,296
2003-10-29 07:21:00,2246,-1817,429
2003-10-29 07:22:00,2452,-1667,785
2003-10-29 07:23:00,2500,-1519,981
2003-10-29 07:24:00,2196,-1377,819
2003-10-29 07:25:00,1958,-1321,637
2003-10-29 07:26:00,1759,-1240,519
2003-10-29 07:27:00,1837,-1256,581
2003-10-29 07:28:00,1647,-1156,491
2003-10-29 07:29:00,1605,-1077,528
2003-10-29 07:30:00,1606,-1086,519
2003-10-29 07:31:00,1597,-1061,535
2003-10-29 07:32:00,1623,-1010,614
2003-10-29 07:33:00,1692,-943,749
2003-10-29 07:34:00,1799,-895,904
2003-10-29 07:35:00,1634,-856,778
2003-10-29 07:36:00,1612,-827,785
2003-10-29 07:37:00,1722,-805,917
2003-10-29 07:38:00,1654,-786,868
2003-10-29 07:39:00,1565,-727,838
2003-10-29 07:40:00,1444,-670,774
2003-10-29 07:41:00,1629,-780,849
2003-10-29 07:42:00,1728,-974,755
2003-10-29 07:43:00,1876,-1088,788
2003-10-29 07:44:00,2013,-1163,850
2003-10-29 07:45:00,2069,-1160,909
2003-10-29 07:46:00,1984,-1078,906
2003-10-29 07:47:00,2092,-1064,1028
2003-10-29 07:48:00,2001,-972,1029
2003-10-29 07:49:00,1845,-939,906
2003-10-29 07:50:00,1786,-866,920
2003-10-29 07:51:00,1634,-748,887
2003-10-29 07:52:00,1620,-758,862
2003-10-29 07:53:00,1638,-717,922
2003-10-29 07:54:00,1567,-710,857
2003-10-29 07:55:00,1484,-735,749
2003-10-29 07:56:00,1437,-752,685
2003-10-29 07:57:00,1379,-727,652
2003-10-29 07:58:00,1235,-603,632
2003-10-29 07:59:00,1105,-546,559
2003-10-29 08:00:00,1056,-544,512
2003-10-29 08:01:00,920,-431,489
2003-10-29 08:02:00,890,-373,517
2003-10-29 08:03:00,868,-378,490
2003-10-29 08:04:00,1044,-535,510
2003-10-29 08:05:00,1008,-486,522
2003-10-29 08:06:00,932,-482,450
2003-10-29 08:07:00,1017,-551,465
2003-10-29 08:08:00,1087,-695,392
2003-10-29 08:09:00,1266,-838,428
2003-10-29 08:10:00,1508,-1052,456
2003-10-29 08:11:00,1568,-1063,504
2003-10-29 08:12:00,1690,-1153,537
2003-10-29 08:13:00,1692,-1141,551
2003-10-29 08:14:00,1822,-1190,632
2003-10-29 08:15:00,1734,-1142,592
2003-10-29 08:16:00,2059,-1331,728
2003-10-29 08:17:00,2142,-1355,787
2003-10-29 08:18:00,1910,-1275,636
2003-10-29 08:19:00,1915,-1314,600
2003-10-29 08:20:00,1761,-1225,537
2003-10-29 08:21:00,1742,-1262,481
2003-10-29 08:22:00,1748,-1188,561
2003-10-29 08:23:00,1602,-1102,500
2003-10-29 08:24:00,1606,-1211,396
2003-10-29 08:25:00,1706,-1228,478
2003-10-29 08:26:00,1738,-1272,467
2003-10-29 08:27:00,1644,-1257,387
2003-10-29 08:28:00,1711,-1346,365
2003-10-29 08:29:00,1504,-1166,338
2003-10-29 08:30:00,1505,-1168,338
2003-10-29 08:31:00,1459,-1178,281
2003-10-29 08:32:00,1413,-1128,285
2003-10-29 08:33:00,1650,-1209,441
2003-10-29 08:34:00,1788,-1311,477
2003-10-29 08:35:00,2043,-1525,517
2003-10-29 08:36:00,2098,-1478,620
2003-10-29 08:37:00,1919,-1342,577
2003-10-29 08:38:00,1736,-1230,506
2003-10-29 08:39:00,1594,-1151,443
2003-10-29 08:40:00,1764,-1321,443
2003-10-29 08:41:00,1627,-1163,464
2003-10-29 08:42:00,1650,-1179,471
2003-10-29 08:43:00,1771,-1306,465
2003-10-29 08:44:00,1856,-1416,439
2003-10-29 08:45:00,1870,-1488,382
2003-10-29 08:46:00,1882,-1528,355
2003-10-29 08:47:00,1960,-1590,370
2003-10-29 08:48:00,2112,-1676,437
2003-10-29 08:49:00,2069,-1566,503
2003-10-29 08:50:00,1959,-1411,548
2003-10-29 08:51:00,1966,-1360,606
2003-10-29 08:52:00,2030,-1373,656
2003-10-29 08:53:00,1997,-1338,659
2003-10-29 08:54:00,1852,-1174,678
2003-10-29 08:55:00,1884,-1259,624
2003-10-29 08:56:00,1911,-1369,543
2003-10-29 08:57:00,1810,-1251,560
2003-10-29 08:58:00,2005,-1541,463
2003-10-29 08:59:00,2036,-1613,423
2003-10-29 09:00:00,1970,-1573,397
2003-10-29 09:01:00,1932,-1538,394
2003-10-29 09:02:00,1970,-1625,345
2003-10-29 09:03:00,1824,-1527,296
2003-10-29 09:04:00,2177,-1894,283
2003-10-29 09:05:00,2521,-2194,327
2003-10-29 09:06:00,2618,-2300,318
2003-10-29 09:07:00,2618,-2193,425
2003-10-29 09:08:00,2272,-1932,340
2003-10-29 09:09:00,1898,-1638,260
2003-10-29 09:10:00,1822,-1578,244
2003-10-29 09:11:00,1994,-1738,256
2003-10-29 09:12:00,2088,-1794,294
2003-10-29 09:13:00,2195,-1900,295
2003-10-29 09:14:00,2450,-2168,281
2003-10-29 09:15:00,2989,-2235,754
2003-10-29 09:16:00,2706,-2392,314
2003-10-29 09:17:00,2568,-2253,315
2003-10-29 09:18:00,2486,-2159,328
2003-10-29 09:19:00,2605,-2213,392
2003-10-29 09:20:00,2542,-2130,412
2003-10-29 09:21:00,2420,-2050,370
2003-10-29 09:22:00,2232,-1877,355
2003-10-29 09:23:00,2458,-1806,652
2003-10-29 09:24:00,2093,-1790,303
2003-10-29 09:25:00,2121,-1856,265
2003-10-29 09:26:00,2003,-1744,260
2003-10-29 09:27:00,1918,-1643,276
2003-10-29 09:28:00,2240,-1940,300
2003-10-29 09:29:00,2498,-2142,356
2003-10-29 09:30:00,2664,-2238,426
2003-10-29 09:31:00,2365,-1940,424
2003-10-29 09:32:00,2258,-1800,459
2003-10-29 09:33:00,2320,-1850,470
2003-10-29 09:34:00,2310,-1820,490
2003-10-29 09:35:00,2249,-1709,540
2003-10-29 09:36:00,2072,-1615,457
2003-10-29 09:37:00,2140,-1676,464
2003-10-29 09:38:00,2498,-1806,691
2003-10-29 09:39:00,2592,-1979,613
2003-10-29 09:40:00,2348,-1852,497
2003-10-29 09:41:00,2282,-1734,548
2003-10-29 09:42:00,2301,-1696,605
2003-10-29 09:43:00,2337,-1674,663
2003-10-29 09:44:00,2250,-1701,549
2003-10-29 09:45:00,2140,-1676,464
2003-10-29 09:46:00,2299,-1678,621
2003-10-29 09:47:00,2391,-1681,710
2003-10-29 09:48:00,1743,-1541,202
2003-10-29 09:49:00,1804,-1620,184
2003-10-29 09:50:00,1862,-1672,189
2003-10-29 09:51:00,1870,-1724,146
2003-10-29 09:52:00,1988,-1828,160
2003-10-29 09:53:00,2002,-1837,166
2003-10-29 09:54:00,2103,-1944,159
2003-10-29 09:55:00,2257,-2107,150
2003-10-29 09:56:00,2187,-2100,87
2003-10-29 09:57:00,2109,-2002,107
2003-10-29 09:58:00,2068,-1931,137
2003-10-29 09:59:00,2035,-1930,105
2003-10-29 10:00:00,2036,-1949,87
2003-10-29 10:01:00,1900,-1807,93
2003-10-29 10:02:00,1905,-1777,128
2003-10-29 10:03:00,1711,-1627,84
2003-10-29 10:04:00,1606,-1557,49
2003-10-29 10:05:00,1618,-1515,103
2003-10-29 10:06:00,1620,-1481,139
2003-10-29 10:07:00,1677,-1559,118
2003-10-29 10:08:00,1789,-1621,168
2003-10-29 10:09:00,1834,-1692,142
2003-10-29 10:10:00,1806,-1700,105
2003-10-29 10:11:00,1835,-1702,133
2003-10-29 10:12:00,1821,-1665,157
2003-10-29 10:13:00,1795,-1585,210
2003-10-29 10:14:00,1706,-1489,218
2003-10-29 10:15:00,1634,-1439,194
2003-10-29 10:16:00,1562,-1441,121
2003-10-29 10:17:00,1542,-1374,168
2003-10-29 10:18:00,1411,-1243,168
2003-10-29 10:19:00,1446,-1116,330
2003-10-29 10:20:00,1575,-969,606
2003-10-29 10:21:00,1736,-937,799
2003-10-29 10:22:00,1827,-1090,737
2003-10-29 10:23:00,1790,-1201,589
2003-10-29 10:24:00,1891,-1319,572
2003-10-29 10:25:00,1567,-1090,477
2003-10-29 10:26:00,1132,-875,256
2003-10-29 10:27:00,1295,-1053,242
2003-10-29 10:28:00,1448,-1166,281
2003-10-29 10:29:00,1553,-1241,313
2003-10-29 10:30:00,1555,-1232,323
2003-10-29 10:31:00,1214,-1039,175
2003-10-29 10:32:00,1200,-1036,164
2003-10-29 10:33:00,1484,-1192,292
2003-10-29 10:34:00,1755,-1465,290
2003-10-29 10:35:00,1859,-1588,271
2003-10-29 10:36:00,1858,-1637,221
2003-10-29 10:37:00,2161,-1885,276
2003-10-29 10:38:00,2336,-2106,230
2003-10-29 10:39:00,2400,-2155,245
2003-10-29 10:40:00,2284,-2105,179
2003-10-29 10:41:00,2175,-2028,147
2003-10-29 10:42:00,2271,-2109,162
2003-10-29 10:43:00,2338,-2147,191
2003-10-29 10:44:00,2293,-2099,194
2003-10-29 10:45:00,2260,-2126,135
2003-10-29 10:46:00,2322,-2186,136
2003-10-29 10:47:00,2420,-2289,131
2003-10-29 10:48:00,2341,-2212,129
2003-10-29 10:49:00,2381,-2155,225
2003-10-29 10:50:00,2264,-2146,119
2003-10-29 10:51:00,2351,-2183,169
2003-10-29 10:52:00,2285,-2022,264
2003-10-29 10:53:00,2018,-1814,204
2003-10-29 10:54:00,1696,-1534,162
2003-10-29 10:55:00,1534,-1320,213
2003-10-29 10:56:00,1565,-1356,209
2003-10-29 10:57:00,1696,-1510,185
2003-10-29 10:58:00,1746,-1551,195
2003-10-29 10:59:00,2045,-1892,153
2003-10-29 11:00:00,2082,-1958,124
2003-10-29 11:01:00,1937,-1843,94
2003-10-29 11:02:00,1834,-1705,129
2003-10-29 11:03:00,1717,-1604,113
2003-10-29 11:04:00,1634,-1521,113
2003-10-29 11:05:00,1578,-1430,148
2003-10-29 11:06:00,1371,-1248,123
2003-10-29 11:07:00,1287,-1083,204
2003-10-29 11:08:00,1170,-972,198
2003-10-29 11:09:00,1192,-1036,155
2003-10-29 11:10:00,1319,-1220,99
2003-10-29 11:11:00,1387,-1276,110
2003-10-29 11:12:00,1487,-1369,118
2003-10-29 11:13:00,1375,-1273,102
2003-10-29 11:14:00,1384,-1279,105
2003-10-29 11:15:00,1581,-1465,116
2003-10-29 11:16:00,1640,-1536,104
2003-10-29 11:17:00,1631,-1521,110
2003-10-29 11:18:00,1621,-1501,120
2003-10-29 11:19:00,1598,-1470,128
2003-10-29 11:20:00,1596,-1460,136
2003-10-29 11:21:00,1535,-1378,157
2003-10-29 11:22:00,1322,-1173,149
2003-10-29 11:23:00,1400,-1249,151
2003-10-29 11:24:00,1401,-1236,164
2003-10-29 11:25:00,1393,-1233,161
2003-10-29 11:26:00,1607,-1400,206
2003-10-29 11:27:00,1677,-1459,219
2003-10-29 11:28:00,1573,-1325,248
2003-10-29 11:29:00,1510,-1290,220
2003-10-29 11:30:00,1816,-1516,299
2003-10-29 11:31:00,1968,-1626,341
2003-10-29 11:32:00,1859,-1577,283
2003-10-29 11:33:00,1795,-1556,239
2003-10-29 11:34:00,1948,-1707,241
2003-10-29 11:35:00,1806,-1562,243
2003-10-29 11:36:00,1604,-1414,190
2003-10-29 11:37:00,1833,-1660,174
2003-10-29 11:38:00,1914,-1761,153
2003-10-29 11:39:00,1895,-1776,119
2003-10-29 11:40:00,1899,-1764,135
2003-10-29 11:41:00,1915,-1647,268
2003-10-29 11:42:00,1997,-1749,248
2003-10-29 11:43:00,1963,-1789,174
2003-10-29 11:44:00,1803,-1669,133
2003-10-29 11:45:00,1702,-1551,152
2003-10-29 11:46:00,1778,-1592,186
2003-10-29 11:47:00,1801,-1606,195
2003-10-29 11:48:00,1701,-1519,183
2003-10-29 11:49:00,1611,-1488,124
2003-10-29 11:50:00,1709,-1495,214
2003-10-29 11:51:00,1690,-1408,282
2003-10-29 11:52:00,1629,-1417,212
2003-10-29 11:53:00,1535,-1285,250
2003-10-29 11:54:00,1558,-1247,311
2003-10-29 11:55:00,1516,-1231,285
2003-10-29 11:56:00,1316,-1089,227
2003-10-29 11:57:00,1521,-1331,191
2003-10-29 11:58:00,1340,-1139,201
2003-10-29 11:59:00,1250,-1016,235
2003-10-29 12:00:00,1388,-1030,358
2003-10-29 12:01:00,1496,-1140,356
2003-10-29 12:02:00,1592,-1173,419
2003-10-29 12:03:00,1523,-1121,402
2003-10-29 12:04:00,1358,-986,372
2003-10-29 12:05:00,1343,-920,424
2003-10-29 12:06:00,1267,-902,365
2003-10-29 12:07:00,1202,-853,349
2003-10-29 12:08:00,1336,-924,412
2003-10-29 12:09:00,1414,-925,489
2003-10-29 12:10:00,1370,-902,469
2003-10-29 12:11:00,1214,-852,362
2003-10-29 12:12:00,1197,-847,350
2003-10-29 12:13:00,1192,-880,312
2003-10-29 12:14:00,1265,-943,322
2003-10-29 12:15:00,1199,-898,301
2003-10-29 12:16:00,1273,-887,386
2003-10-29 12:17:00,1273,-867,406
2003-10-29 12:18:00,1154,-903,251
2003-10-29 12:19:00,1206,-926,279
2003-10-29 12:20:00,1275,-930,346
2003-10-29 12:21:00,1374,-886,488
2003-10-29 12:22:00,1252,-841,412
2003-10-29 12:23:00,1042,-747,295
2003-10-29 12:24:00,1255,-852,403
2003-10-29 12:25:00,1326,-901,425
2003-10-29 12:26:00,1347,-999,348
2003-10-29 12:27:00,1341,-1101,240
2003-10-29 12:28:00,1210,-919,291
2003-10-29 12:29:00,1301,-977,324
2003-10-29 12:30:00,1445,-1153,292
2003-10-29 12:31:00,1507,-1216,291
2003-10-29 12:32:00,1525,-1233,291
2003-10-29 12:33:00,1522,-1218,304
2003-10-29 12:34:00,1493,-1197,295
2003-10-29 12:35:00,1429,-1131,298
2003-10-29 12:36:00,1353,-1040,313
2003-10-29 12:37:00,1346,-1057,289
2003-10-29 12:38:00,1306,-1081,225
2003-10-29 12:39:00,1326,-1022,304
2003-10-29 12:40:00,1198,-917,281
2003-10-29 12:41:00,1024,-732,292
2003-10-29 12:42:00,918,-657,262
2003-10-29 12:43:00,825,-616,208
2003-10-29 12:44:00,880,-606,273
2003-10-29 12:45:00,947,-649,298
2003-10-29 12:46:00,1132,-772,361
2003-10-29 12:47:00,1124,-774,350
2003-10-29 12:48:00,1131,-820,311
2003-10-29 12:49:00,1042,-734,308
2003-10-29 12:50:00,1092,-706,387
2003-10-29 12:51:00,1070,-733,336
2003-10-29 12:52:00,1109,-766,343
2003-10-29 12:53:00,1117,-784,332
2003-10-29 12:54:00,1060,-780,280
2003-10-29 12:55:00,1011,-741,270
2003-10-29 12:56:00,1042,-686,356
2003-10-29 12:57:00,1157,-699,458
2003-10-29 12:58:00,1204,-726,478
2003-10-29 12:59:00,1206,-729,477
2003-10-29 13:00:00,1158,-757,401
2003-10-29 13:01:00,1170,-724,446
2003-10-29 13:02:00,1147,-686,461
2003-10-29 13:03:00,1044,-647,396
2003-10-29 13:04:00,1067,-644,423
2003-10-29 13:05:00,1128,-631,496
2003-10-29 13:06:00,1165,-670,495
2003-10-29 13:07:00,1141,-659,483
2003-10-29 13:08:00,1283,-827,455
2003-10-29 13:09:00,1298,-842,456
2003-10-29 13:10:00,1396,-915,481
2003-10-29 13:11:00,1416,-963,453
2003-10-29 13:12:00,1462,-1036,426
2003-10-29 13:13:00,1620,-1091,529
2003-10-29 13:14:00,1573,-1020,553
2003-10-29 13:15:00,1641,-1138,503
2003-10-29 13:16:00,1612,-1138,474
2003-10-29 13:17:00,1527,-1040,488
2003-10-29 13:18:00,1563,-951,612
2003-10-29 13:19:00,1353,-813,540
2003-10-29 13:20:00,1174,-696,478
2003-10-29 13:21:00,1281,-813,467
2003-10-29 13:22:00,1419,-863,557
2003-10-29 13:23:00,1473,-840,633
2003-10-29 13:24:00,1369,-765,603
2003-10-29 13:25:00,1306,-748,558
2003-10-29 13:26:00,1314,-930,383
2003-10-29 13:27:00,1381,-859,522
2003-10-29 13:28:00,1429,-871,558
2003-10-29 13:29:00,1275,-775,500
2003-10-29 13:30:00,1258,-795,463
2003-10-29 13:31:00,1323,-778,545
2003-10-29 13:32:00,1461,-883,578
2003-10-29 13:33:00,1122,-710,412
2003-10-29 13:34:00,1176,-759,417
2003-10-29 13:35:00,1050,-636,414
2003-10-29 13:36:00,1114,-701,413
2003-10-29 13:37:00,1181,-727,453
2003-10-29 13:38:00,1383,-858,525
2003-10-29 13:39:00,1331,-813,518
2003-10-29 13:40:00,1491,-962,529
2003-10-29 13:41:00,1287,-895,393
2003-10-29 13:42:00,1110,-769,340
2003-10-29 13:43:00,1167,-759,408
2003-10-29 13:44:00,1152,-780,372
2003-10-29 13:45:00,1292,-816,477
2003-10-29 13:46:00,1240,-781,460
2003-10-29 13:47:00,1182,-738,444
2003-10-29 13:48:00,1078,-673,404
2003-10-29 13:49:00,1232,-723,509
2003-10-29 13:50:00,1212,-716,496
2003-10-29 13:51:00,1285,-767,518
2003-10-29 13:52:00,1188,-687,501
2003-10-29 13:53:00,1070,-684,387
2003-10-29 13:54:00,1273,-714,559
2003-10-29 13:55:00,1178,-759,419
2003-10-29 13:56:00,1384,-774,610
2003-10-29 13:57:00,1484,-925,559
2003-10-29 13:58:00,1368,-930,438
2003-10-29 13:59:00,1395,-829,566
2003-10-29 14:00:00,1444,-871,574
2003-10-29 14:01:00,1306,-890,416
2003-10-29 14:02:00,1072,-744,328
2003-10-29 14:03:00,1090,-667,423
2003-10-29 14:04:00,1091,-648,443
2003-10-29 14:05:00,1119,-763,356
2003-10-29 14:06:00,1282,-841,441
2003-10-29 14:07:00,1286,-897,388
2003-10-29 14:08:00,1299,-885,414
2003-10-29 14:09:00,1418,-944,474
2003-10-29 14:10:00,1333,-969,365
2003-10-29 14:11:00,1406,-1051,356
2003-10-29 14:12:00,1565,-1109,456
2003-10-29 14:13:00,1556,-1142,414
2003-10-29 14:14:00,1624,-1146,477
2003-10-29 14:15:00,1627,-1085,542
2003-10-29 14:16:00,1505,-1095,411
2003-10-29 14:17:00,1407,-989,418
2003-10-29 14:18:00,1416,-921,495
2003-10-29 14:19:00,1406,-957,449
2003-10-29 14:20:00,1461,-932,529
2003-10-29 14:21:00,1478,-1041,438
2003-10-29 14:22:00,1451,-963,488
2003-10-29 14:23:00,1499,-901,598
2003-10-29 14:24:00,1403,-974,429
2003-10-29 14:25:00,1308,-1048,260
2003-10-29 14:26:00,1471,-1119,351
2003-10-29 14:27:00,1313,-886,427
2003-10-29 14:28:00,1129,-753,376
2003-10-29 14:29:00,1269,-811,458
2003-10-29 14:30:00,1160,-838,322
2003-10-29 14:31:00,1148,-881,267
2003-10-29 14:32:00,1347,-956,391
2003-10-29 14:33:00,1470,-980,490
2003-10-29 14:34:00,1353,-965,389
2003-10-29 14:35:00,1342,-880,462
2003-10-29 14:36:00,1341,-830,511
2003-10-29 14:37:00,1268,-809,459
2003-10-29 14:38:00,1480,-828,651
2003-10-29 14:39:00,1453,-800,653
2003-10-29 14:40:00,1410,-781,628
2003-10-29 14:41:00,1506,-784,722
2003-10-29 14:42:00,1551,-898,652
2003-10-29 14:43:00,1650,-886,765
2003-10-29 14:44:00,1451,-771,680
2003-10-29 14:45:00,1437,-723,714
2003-10-29 14:46:00,1486,-713,774
2003-10-29 14:47:00,1468,-651,816
2003-10-29 14:48:00,1423,-744,679
2003-10-29 14:49:00,1521,-860,661
2003-10-29 14:50:00,1676,-873,803
2003-10-29 14:51:00,1519,-845,674
2003-10-29 14:52:00,1687,-882,804
2003-10-29 14:53:00,1621,-795,826
2003-10-29 14:54:00,1501,-648,853
2003-10-29 14:55:00,1424,-657,767
2003-10-29 14:56:00,1495,-986,509
2003-10-29 14:57:00,1722,-873,849
2003-10-29 14:58:00,1512,-655,857
2003-10-29 14:59:00,1728,-1045,683
2003-10-29 15:00:00,1931,-1119,812
2003-10-29 15:01:00,1852,-1073,779
2003-10-29 15:02:00,1828,-1162,666
2003-10-29 15:03:00,1939,-1282,657
2003-10-29 15:04:00,2043,-1394,650
2003-10-29 15:05:00,1987,-1341,647
2003-10-29 15:06:00,1915,-1335,580
2003-10-29 15:07:00,1887,-1244,643
2003-10-29 15:08:00,1851,-1213,637
2003-10-29 15:09:00,1946,-1240,706
2003-10-29 15:10:00,1957,-1415,542
2003-10-29 15:11:00,2051,-1440,611
2003-10-29 15:12:00,1984,-1340,644
2003-10-29 15:13:00,1941,-1382,559
2003-10-29 15:14:00,1896,-1248,649
2003-10-29 15:15:00,1799,-1204,595
2003-10-29 15:16:00,1833,-1272,560
2003-10-29 15:17:00,1821,-1185,636
2003-10-29 15:18:00,1902,-1213,688
2003-10-29 15:19:00,1821,-1160,660
2003-10-29 15:20:00,1946,-1270,676
2003-10-29 15:21:00,1981,-1337,644
2003-10-29 15:22:00,2206,-1554,652
2003-10-29 15:23:00,1870,-1305,565
2003-10-29 15:24:00,1825,-1262,563
2003-10-29 15:25:00,1777,-1234,543
2003-10-29 15:26:00,1894,-1319,575
2003-10-29 15:27:00,1887,-1283,604
2003-10-29 15:28:00,2028,-1410,618
2003-10-29 15:29:00,1972,-1358,614
2003-10-29 15:30:00,1902,-1326,576
2003-10-29 15:31:00,1905,-1347,558
2003-10-29 15:32:00,1917,-1337,579
2003-10-29 15:33:00,1842,-1346,496
2003-10-29 15:34:00,1934,-1382,551
2003-10-29 15:35:00,1962,-1336,626
2003-10-29 15:36:00,1991,-1376,614
2003-10-29 15:37:00,1963,-1381,582
2003-10-29 15:38:00,2020,-1452,568
2003-10-29 15:39:00,2119,-1656,463
2003-10-29 15:40:00,2112,-1642,470
2003-10-29 15:41:00,1987,-1464,523
2003-10-29 15:42:00,1916,-1396,521
2003-10-29 15:43:00,1900,-1400,500
2003-10-29 15:44:00,1966,-1578,388
2003-10-29 15:45:00,2409,-1941,467
2003-10-29 15:46:00,2446,-1945,501
2003-10-29 15:47:00,2387,-1907,480
2003-10-29 15:48:00,2162,-1667,496
2003-10-29 15:49:00,2111,-1623,488
2003-10-29 15:50:00,2124,-1627,498
2003-10-29 15:51:00,2214,-1703,511
2003-10-29 15:52:00,2274,-1749,525
2003-10-29 15:53:00,2166,-1667,499
2003-10-29 15:54:00,2428,-1904,524
2003-10-29 15:55:00,2385,-1890,495
2003-10-29 15:56:00,2279,-1797,483
2003-10-29 15:57:00,2332,-1832,500
2003-10-29 15:58:00,2246,-1734,512
2003-10-29 15:59:00,2139,-1673,465
2003-10-29 16:00:00,1978,-1482,496
2003-10-29 16:01:00,1993,-1477,516
2003-10-29 16:02:00,2178,-1704,474
2003-10-29 16:03:00,2153,-1694,459
2003-10-29 16:04:00,2131,-1671,460
2003-10-29 16:05:00,2020,-1556,464
2003-10-29 16:06:00,2109,-1635,474
2003-10-29 16:07:00,2036,-1560,476
2003-10-29 16:08:00,2078,-1598,481
2003-10-29 16:09:00,2046,-1537,509
2003-10-29 16:10:00,1991,-1478,513
2003-10-29 16:11:00,1840,-1379,461
2003-10-29 16:12:00,1880,-1392,488
2003-10-29 16:13:00,2018,-1512,506
2003-10-29 16:14:00,2082,-1586,496
2003-10-29 16:15:00,2009,-1529,481
2003-10-29 16:16:00,2139,-1622,517
2003-10-29 16:17:00,2159,-1671,487
2003-10-29 16:18:00,2071,-1636,435
2003-10-29 16:19:00,2084,-1695,389
2003-10-29 16:20:00,2116,-1716,400
2003-10-29 16:21:00,2084,-1680,404
2003-10-29 16:22:00,2010,-1627,384
2003-10-29 16:23:00,1847,-1427,420
2003-10-29 16:24:00,1711,-1271,440
2003-10-29 16:25:00,1640,-1176,464
2003-10-29 16:26:00,1689,-1221,469
2003-10-29 16:27:00,1738,-1287,450
2003-10-29 16:28:00,1843,-1401,442
2003-10-29 16:29:00,1946,-1508,438
2003-10-29 16:30:00,1707,-1275,432
2003-10-29 16:31:00,1651,-1219,432
2003-10-29 16:32:00,1631,-1163,468
2003-10-29 16:33:00,1493,-969,524
2003-10-29 16:34:00,1433,-917,516
2003-10-29 16:35:00,1420,-918,502
2003-10-29 16:36:00,1372,-909,463
2003-10-29 16:37:00,1336,-889,447
2003-10-29 16:38:00,1317,-883,434
2003-10-29 16:39:00,1185,-793,392
2003-10-29 16:40:00,1101,-677,424
2003-10-29 16:41:00,1317,-831,486
2003-10-29 16:42:00,1315,-806,509
2003-10-29 16:43:00,1259,-797,462
2003-10-29 16:44:00,1263,-821,442
2003-10-29 16:45:00,1259,-810,449
2003-10-29 16:46:00,1222,-803,419
2003-10-29 16:47:00,1244,-837,407
2003-10-29 16:48:00,1201,-817,384
2003-10-29 16:49:00,1051,-675,375
2003-10-29 16:50:00,1008,-662,346
2003-10-29 16:51:00,1131,-779,353
2003-10-29 16:52:00,1210,-841,369
2003-10-29 16:53:00,1170,-787,383
2003-10-29 16:54:00,1571,-1174,397
2003-10-29 16:55:00,1714,-1254,460
2003-10-29 16:56:00,1771,-1259,511
2003-10-29 16:57:00,1791,-1270,521
2003-10-29 16:58:00,1780,-1286,494
2003-10-29 16:59:00,1803,-1329,474
2003-10-29 17:00:00,2020,-1527,493
2003-10-29 17:01:00,2038,-1551,487
2003-10-29 17:02:00,2030,-1572,457
2003-10-29 17:03:00,2171,-1709,462
2003-10-29 17:04:00,2320,-1769,551
2003-10-29 17:05:00,2301,-1706,596
2003-10-29 17:06:00,2456,-1707,749
2003-10-29 17:07:00,2690,-1844,846
2003-10-29 17:08:00,2687,-1816,871
2003-10-29 17:09:00,2407,-1745,663
2003-10-29 17:10:00,2394,-1667,727
2003-10-29 17:11:00,2568,-1787,781
2003-10-29 17:12:00,2326,-1541,785
2003-10-29 17:13:00,2480,-1661,819
2003-10-29 17:14:00,2600,-1822,779
2003-10-29 17:15:00,2345,-1612,733
2003-10-29 17:16:00,2344,-1471,873
2003-10-29 17:17:00,2611,-1694,917
2003-10-29 17:18:00,2472,-1668,803
2003-10-29 17:19:00,2337,-1578,759
2003-10-29 17:20:00,2296,-1558,738
2003-10-29 17:21:00,2003,-1281,722
2003-10-29 17:22:00,2177,-1440,737
2003-10-29 17:23:00,1795,-1188,606
2003-10-29 17:24:00,1785,-1223,562
2003-10-29 17:25:00,1854,-1286,568
2003-10-29 17:26:00,1762,-1235,527
2003-10-29 17:27:00,1482,-1022,460
2003-10-29 17:28:00,1506,-1041,465
2003-10-29 17:29:00,1456,-965,490
2003-10-29 17:30:00,1371,-927,444
2003-10-29 17:31:00,1395,-975,420
2003-10-29 17:32:00,1137,-731,406
2003-10-29 17:33:00,1195,-821,373
2003-10-29 17:34:00,1185,-866,319
2003-10-29 17:35:00,1356,-981,375
2003-10-29 17:36:00,1439,-977,463
2003-10-29 17:37:00,1567,-1060,508
2003-10-29 17:38:00,1628,-1115,513
2003-10-29 17:39:00,1558,-1081,477
2003-10-29 17:40:00,1317,-823,494
2003-10-29 17:41:00,1404,-933,471
2003-10-29 17:42:00,1432,-969,463
2003-10-29 17:43:00,1405,-1019,386
2003-10-29 17:44:00,1398,-949,449
2003-10-29 17:45:00,1491,-979,513
2003-10-29 17:46:00,1654,-1118,536
2003-10-29 17:47:00,1747,-1200,547
2003-10-29 17:48:00,1559,-949,610
2003-10-29 17:49:00,1710,-995,714
2003-10-29 17:50:00,1739,-968,771
2003-10-29 17:51:00,1707,-977,730
2003-10-29 17:52:00,1761,-1091,671
2003-10-29 17:53:00,1843,-1083,760
2003-10-29 17:54:00,1791,-1087,704
2003-10-29 17:55:00,1790,-1147,642
2003-10-29 17:56:00,1945,-1300,645
2003-10-29 17:57:00,1955,-1301,654
2003-10-29 17:58:00,1936,-1238,698
2003-10-29 17:59:00,1781,-1186,595
2003-10-29 18:00:00,1602,-1179,424
2003-10-29 18:01:00,1821,-1461,360
2003-10-29 18:02:00,2071,-1662,409
2003-10-29 18:03:00,2200,-1704,496
2003-10-29 18:04:00,2171,-1657,514
2003-10-29 18:05:00,2389,-1951,438
2003-10-29 18:06:00,2442,-2091,351
2003-10-29 18:07:00,2949,-2604,345
2003-10-29 18:08:00,2799,-2423,376
2003-10-29 18:09:00,2668,-2255,413
2003-10-29 18:10:00,2593,-2103,490
2003-10-29 18:11:00,2667,-2144,524
2003-10-29 18:12:00,2636,-2110,526
2003-10-29 18:13:00,2654,-2097,557
2003-10-29 18:14:00,2312,-1785,527
2003-10-29 18:15:00,2144,-1639,506
2003-10-29 18:16:00,2148,-1675,473
2003-10-29 18:17:00,1927,-1439,488
2003-10-29 18:18:00,1712,-1216,495
2003-10-29 18:19:00,1723,-1244,479
2003-10-29 18:20:00,1762,-1279,483
2003-10-29 18:21:00,1488,-1004,484
2003-10-29 18:22:00,1465,-983,482
2003-10-29 18:23:00,1611,-1134,477
2003-10-29 18:24:00,1435,-958,477
2003-10-29 18:25:00,1274,-824,450
2003-10-29 18:26:00,1160,-745,416
2003-10-29 18:27:00,1232,-645,587
2003-10-29 18:28:00,1286,-615,671
2003-10-29 18:29:00,1343,-612,731
2003-10-29 18:30:00,1298,-624,674
2003-10-29 18:31:00,1299,-647,652
2003-10-29 18:32:00,1217,-632,585
2003-10-29 18:33:00,1280,-684,596
2003-10-29 18:34:00,1397,-735,662
2003-10-29 18:35:00,1517,-861,657
2003-10-29 18:36:00,1243,-642,601
2003-10-29 18:37:00,1190,-583,607
2003-10-29 18:38:00,1192,-600,592
2003-10-29 18:39:00,1277,-711,566
2003-10-29 18:40:00,1326,-790,536
2003-10-29 18:41:00,1389,-860,529
2003-10-29 18:42:00,1359,-850,509
2003-10-29 18:43:00,1272,-818,453
2003-10-29 18:44:00,1324,-949,375
2003-10-29 18:45:00,1362,-1004,358
2003-10-29 18:46:00,1334,-955,379
2003-10-29 18:47:00,1393,-1000,393
2003-10-29 18:48:00,1331,-935,396
2003-10-29 18:49:00,1253,-842,411
2003-10-29 18:50:00,1231,-753,478
2003-10-29 18:51:00,1220,-680,540
2003-10-29 18:52:00,1176,-671,505
2003-10-29 18:53:00,1069,-615,454
2003-10-29 18:54:00,1166,-694,472
2003-10-29 18:55:00,1355,-844,510
2003-10-29 18:56:00,1517,-972,545
2003-10-29 18:57:00,1507,-925,581
2003-10-29 18:58:00,1343,-742,600
2003-10-29 18:59:00,1177,-623,554
2003-10-29 19:00:00,1170,-647,524
2003-10-29 19:01:00,1295,-780,514
2003-10-29 19:02:00,1457,-881,576
2003-10-29 19:03:00,1510,-947,563
2003-10-29 19:04:00,1465,-910,555
2003-10-29 19:05:00,1495,-831,664
2003-10-29 19:06:00,1592,-839,753
2003-10-29 19:07:00,1658,-908,750
2003-10-29 19:08:00,1774,-994,780
2003-10-29 19:09:00,1825,-981,844
2003-10-29 19:10:00,1789,-925,864
2003-10-29 19:11:00,1752,-911,841
2003-10-29 19:12:00,1698,-849,849
2003-10-29 19:13:00,1707,-859,848
2003-10-29 19:14:00,1649,-838,811
2003-10-29 19:15:00,1662,-870,792
2003-10-29 19:16:00,1702,-906,795
2003-10-29 19:17:00,1903,-1098,804
2003-10-29 19:18:00,2168,-1334,834
2003-10-29 19:19:00,2410,-1555,855
2003-10-29 19:20:00,2601,-1778,824
2003-10-29 19:21:00,2467,-1683,784
2003-10-29 19:22:00,2325,-1587,738
2003-10-29 19:23:00,2067,-1369,698
2003-10-29 19:24:00,2344,-1702,642
2003-10-29 19:25:00,2292,-1780,512
2003-10-29 19:26:00,2563,-2111,452
2003-10-29 19:27:00,2350,-1903,446
2003-10-29 19:28:00,2043,-1609,434
2003-10-29 19:29:00,2349,-1926,423
2003-10-29 19:30:00,2648,-2208,440
2003-10-29 19:31:00,2712,-2209,503
2003-10-29 19:32:00,2778,-2216,562
2003-10-29 19:33:00,2882,-2221,661
2003-10-29 19:34:00,2991,-2221,769
2003-10-29 19:35:00,3081,-2223,859
2003-10-29 19:36:00,3196,-2220,976
2003-10-29 19:37:00,3261,-2216,1044
2003-10-29 19:38:00,3302,-2216,1086
2003-10-29 19:39:00,3319,-2212,1107
2003-10-29 19:40:00,3329,-2210,1119
2003-10-29 19:41:00,3320,-2214,1106
2003-10-29 19:42:00,3302,-2218,1084
2003-10-29 19:43:00,3236,-2218,1018
2003-10-29 19:44:00,3146,-2217,929
2003-10-29 19:45:00,3005,-2214,791
2003-10-29 19:46:00,3053,-2274,779
2003-10-29 19:47:00,3096,-2389,707
2003-10-29 19:48:00,3041,-2361,680
2003-10-29 19:49:00,3017,-2268,749
2003-10-29 19:50:00,3047,-2225,823
2003-10-29 19:51:00,3151,-2227,925
2003-10-29 19:52:00,3128,-2197,931
2003-10-29 19:53:00,3328,-2330,998
2003-10-29 19:54:00,3342,-2278,1064
2003-10-29 19:55:00,3085,-1992,1092
2003-10-29 19:56:00,3114,-2004,1110
2003-10-29 19:57:00,3287,-2288,999
2003-10-29 19:58:00,3283,-2443,840
2003-10-29 19:59:00,3267,-2496,771
2003-10-29 20:00:00,3244,-2430,813
2003-10-29 20:01:00,3298,-2412,886
2003-10-29 20:02:00,3242,-2336,906
2003-10-29 20:03:00,3278,-2355,923
2003-10-29 20:04:00,3405,-2464,942
2003-10-29 20:05:00,3442,-2508,934
2003-10-29 20:06:00,3365,-2406,960
2003-10-29 20:07:00,3388,-2375,1013
2003-10-29 20:08:00,3526,-2391,1135
2003-10-29 20:09:00,3487,-2326,1161
2003-10-29 20:10:00,3304,-2200,1104
2003-10-29 20:11:00,3223,-2181,1042
2003-10-29 20:12:00,2981,-1992,989
2003-10-29 20:13:00,2932,-1910,1021
2003-10-29 20:14:00,3041,-2035,1005
2003-10-29 20:15:00,2940,-2033,906
2003-10-29 20:16:00,3010,-2065,945
2003-10-29 20:17:00,3270,-2140,1130
2003-10-29 20:18:00,3269,-2132,1137
2003-10-29 20:19:00,3169,-2154,1015
2003-10-29 20:20:00,3129,-2179,950
2003-10-29 20:21:00,3042,-2210,832
2003-10-29 20:22:00,2958,-2207,752
2003-10-29 20:23:00,2943,-2277,666
2003-10-29 20:24:00,2898,-2281,617
2003-10-29 20:25:00,2914,-2359,555
2003-10-29 20:26:00,2922,-2398,524
2003-10-29 20:27:00,2765,-2218,546
2003-10-29 20:28:00,2767,-2216,551
2003-10-29 20:29:00,2801,-2214,586
2003-10-29 20:30:00,2826,-2214,612
2003-10-29 20:31:00,2452,-1829,624
2003-10-29 20:32:00,2104,-1474,630
2003-10-29 20:33:00,1980,-1241,739
2003-10-29 20:34:00,1972,-1227,745
2003-10-29 20:35:00,2139,-1371,768
2003-10-29 20:36:00,1829,-1045,784
2003-10-29 20:37:00,1759,-990,768
2003-10-29 20:38:00,1740,-1014,726
2003-10-29 20:39:00,1747,-1037,710
2003-10-29 20:40:00,1641,-970,671
2003-10-29 20:41:00,1591,-923,667
2003-10-29 20:42:00,1610,-908,701
2003-10-29 20:43:00,1592,-901,691
2003-10-29 20:44:00,1881,-1115,766
2003-10-29 20:45:00,2125,-1318,808
2003-10-29 20:46:00,1918,-1052,865
2003-10-29 20:47:00,1848,-917,931
2003-10-29 20:48:00,1772,-908,865
2003-10-29 20:49:00,1922,-1048,875
2003-10-29 20:50:00,2028,-1144,884
2003-10-29 20:51:00,2154,-1241,912
2003-10-29 20:52:00,2105,-1229,876
2003-10-29 20:53:00,2142,-1245,897
2003-10-29 20:54:00,2030,-1059,971
2003-10-29 20:55:00,1803,-838,965
2003-10-29 20:56:00,1708,-741,967
2003-10-29 20:57:00,1672,-719,954
2003-10-29 20:58:00,1542,-659,882
2003-10-29 20:59:00,1482,-625,857
2003-10-29 21:00:00,1432,-621,811
2003-10-29 21:01:00,1529,-728,801
2003-10-29 21:02:00,1675,-889,786
2003-10-29 21:03:00,1728,-933,795
2003-10-29 21:04:00,1826,-1039,788
2003-10-29 21:05:00,1837,-1064,773
2003-10-29 21:06:00,1866,-1145,721
2003-10-29 21:07:00,2299,-1586,713
2003-10-29 21:08:00,2578,-1840,738
2003-10-29 21:09:00,2564,-1826,738
2003-10-29 21:10:00,2615,-1853,762
2003-10-29 21:11:00,2491,-1718,773
2003-10-29 21:12:00,2251,-1481,769
2003-10-29 21:13:00,2224,-1507,717
2003-10-29 21:14:00,2126,-1448,678
2003-10-29 21:15:00,2024,-1383,641
2003-10-29 21:16:00,1883,-1288,595
2003-10-29 21:17:00,1928,-1362,566
2003-10-29 21:18:00,1878,-1364,513
2003-10-29 21:19:00,2058,-1537,521
2003-10-29 21:20:00,2142,-1622,520
2003-10-29 21:21:00,2140,-1633,507
2003-10-29 21:22:00,1982,-1475,507
2003-10-29 21:23:00,1894,-1381,513
2003-10-29 21:24:00,1852,-1364,488
2003-10-29 21:25:00,1529,-1067,462
2003-10-29 21:26:00,1414,-922,492
2003-10-29 21:27:00,1322,-842,480
2003-10-29 21:28:00,1333,-887,445
2003-10-29 21:29:00,1364,-922,442
2003-10-29 21:30:00,1321,-910,410
2003-10-29 21:31:00,1316,-916,400
2003-10-29 21:32:00,1289,-875,414
2003-10-29 21:33:00,1287,-844,444
2003-10-29 21:34:00,1258,-777,481
2003-10-29 21:35:00,1309,-840,469
2003-10-29 21:36:00,1385,-921,463
2003-10-29 21:37:00,1517,-1042,475
2003-10-29 21:38:00,1710,-1250,460
2003-10-29 21:39:00,1845,-1389,456
2003-10-29 21:40:00,1915,-1430,485
2003-10-29 21:41:00,1794,-1294,501
2003-10-29 21:42:00,1793,-1299,493
2003-10-29 21:43:00,1705,-1264,441
2003-10-29 21:44:00,1562,-1141,421
2003-10-29 21:45:00,1451,-1022,428
2003-10-29 21:46:00,1360,-935,425
2003-10-29 21:47:00,1341,-918,422
2003-10-29 21:48:00,1319,-892,427
2003-10-29 21:49:00,1329,-897,432
2003-10-29 21:50:00,1326,-906,420
2003-10-29 21:51:00,1311,-920,390
2003-10-29 21:52:00,1319,-949,370
2003-10-29 21:53:00,1441,-1050,391
2003-10-29 21:54:00,1603,-1213,391
2003-10-29 21:55:00,1745,-1369,376
2003-10-29 21:56:00,1782,-1386,396
2003-10-29 21:57:00,1827,-1399,428
2003-10-29 21:58:00,1676,-1292,384
2003-10-29 21:59:00,1576,-1206,371
2003-10-29 22:00:00,1345,-978,367
2003-10-29 22:01:00,1172,-800,372
2003-10-29 22:02:00,1200,-791,408
2003-10-29 22:03:00,1211,-780,431
2003-10-29 22:04:00,2219,-1783,436
2003-10-29 22:05:00,1888,-1465,423
2003-10-29 22:06:00,1480,-1079,401
2003-10-29 22:07:00,1467,-1100,367
2003-10-29 22:08:00,1373,-1037,337
2003-10-29 22:09:00,1273,-923,350
2003-10-29 22:10:00,2019,-1624,395
2003-10-29 22:11:00,1721,-1272,450
2003-10-29 22:12:00,1409,-914,495
2003-10-29 22:13:00,1428,-982,446
2003-10-29 22:14:00,1295,-921,374
2003-10-29 22:15:00,1212,-836,376
2003-10-29 22:16:00,1377,-857,520
2003-10-29 22:17:00,1462,-886,576
2003-10-29 22:18:00,1412,-893,519
2003-10-29 22:19:00,1474,-925,549
2003-10-29 22:20:00,1486,-990,496
2003-10-29 22:21:00,1557,-1092,465
2003-10-29 22:22:00,1705,-1230,474
2003-10-29 22:23:00,1783,-1334,449
2003-10-29 22:24:00,1871,-1433,438
2003-10-29 22:25:00,2174,-1700,474
2003-10-29 22:26:00,2240,-1728,512
2003-10-29 22:27:00,2249,-1669,580
2003-10-29 22:28:00,2411,-1751,660
2003-10-29 22:29:00,2463,-1837,626
2003-10-29 22:30:00,2762,-2211,551
2003-10-29 22:31:00,2593,-2117,476
2003-10-29 22:32:00,2167,-1752,415
2003-10-29 22:33:00,2205,-1784,421
2003-10-29 22:34:00,2181,-1727,454
2003-10-29 22:35:00,2305,-1805,500
2003-10-29 22:36:00,2336,-1784,552
2003-10-29 22:37:00,2478,-1847,631
2003-10-29 22:38:00,2728,-2052,676
2003-10-29 22:39:00,2878,-2102,776
2003-10-29 22:40:00,3346,-2470,877
2003-10-29 22:41:00,3627,-2755,873
2003-10-29 22:42:00,3513,-2664,849
2003-10-29 22:43:00,3503,-2677,826
2003-10-29 22:44:00,3514,-2709,805
2003-10-29 22:45:00,3356,-2596,760
2003-10-29 22:46:00,3438,-2720,718
2003-10-29 22:47:00,3269,-2596,673
2003-10-29 22:48:00,2946,-2254,692
2003-10-29 22:49:00,2985,-2274,710
2003-10-29 22:50:00,3021,-2315,705
2003-10-29 22:51:00,2981,-2264,717
2003-10-29 22:52:00,2924,-2225,699
2003-10-29 22:53:00,2773,-2074,699
2003-10-29 22:54:00,2707,-1974,733
2003-10-29 22:55:00,2703,-1937,766
2003-10-29 22:56:00,2699,-1896,803
2003-10-29 22:57:00,2633,-1847,787
2003-10-29 22:58:00,2511,-1767,744
2003-10-29 22:59:00,2447,-1794,653
2003-10-29 23:00:00,2295,-1741,554
2003-10-29 23:01:00,2281,-1740,541
2003-10-29 23:02:00,2115,-1567,548
2003-10-29 23:03:00,2184,-1605,579
2003-10-29 23:04:00,2244,-1663,582
2003-10-29 23:05:00,2242,-1651,591
2003-10-29 23:06:00,2215,-1646,569
2003-10-29 23:07:00,2073,-1530,543
2003-10-29 23:08:00,2102,-1525,577
2003-10-29 23:09:00,2149,-1504,645
2003-10-29 23:10:00,2097,-1433,664
2003-10-29 23:11:00,2058,-1448,610
2003-10-29 23:12:00,2346,-1604,742
2003-10-29 23:13:00,2610,-1895,715
2003-10-29 23:14:00,2615,-2042,573
2003-10-29 23:15:00,2570,-2066,504
2003-10-29 23:16:00,2376,-1955,422
2003-10-29 23:17:00,2319,-1885,434
2003-10-29 23:18:00,2078,-1657,422
2003-10-29 23:19:00,2023,-1590,433
2003-10-29 23:20:00,2187,-1720,467
2003-10-29 23:21:00,2224,-1722,502
2003-10-29 23:22:00,2220,-1686,534
2003-10-29 23:23:00,2113,-1606,507
2003-10-29 23:24:00,2086,-1548,538
2003-10-29 23:25:00,2045,-1516,529
2003-10-29 23:26:00,2192,-1675,516
2003-10-29 23:27:00,2316,-1829,487
2003-10-29 23:28:00,2290,-1807,483
2003-10-29 23:29:00,2235,-1747,489
2003-10-29 23:30:00,2337,-1848,490
2003-10-29 23:31:00,2605,-2132,473
2003-10-29 23:32:00,2816,-2361,455
2003-10-29 23:33:00,2767,-2309,458
2003-10-29 23:34:00,2564,-2091,473
2003-10-29 23:35:00,2654,-2183,471
2003-10-29 23:36:00,2433,-1931,502
2003-10-29 23:37:00,2363,-1841,522
2003-10-29 23:38:00,2238,-1785,453
2003-10-29 23:39:00,2192,-1750,442
2003-10-29 23:40:00,2241,-1825,416
2003-10-29 23:41:00,2232,-1812,420
2003-10-29 23:42:00,2144,-1688,456
2003-10-29 23:43:00,1793,-1294,499
2003-10-29 23:44:00,1457,-1000,457
2003-10-29 23:45:00,1404,-982,422
2003-10-29 23:46:00,1474,-1002,472
2003-10-29 23:47:00,1535,-1028,507
2003-10-29 23:48:00,1625,-1138,487
2003-10-29 23:49:00,1614,-1192,422
2003-10-29 23:50:00,1514,-1140,375
2003-10-29 23:51:00,1400,-1009,390
2003-10-29 23:52:00,1377,-959,418
2003-10-29 23:53:00,1447,-989,458
2003-10-29 23:54:00,1479,-994,485
2003-10-29 23:55:00,1446,-920,526
2003-10-29 23:56:00,1397,-864,533
2003-10-29 23:57:00,1351,-816,535
2003-10-29 23:58:00,1403,-808,595
2003-10-29 23:59:00,1455,-792,663
