DATE, TIME, DOY, ASY_D, ASY_H, SYM_D, SYM_H
2003-10-29, 00:00:00.000, 302, 55.00, 70.00, -1.00, -32.00
2003-10-29, 00:01:00.000, 302, 56.00, 69.00, -1.00, -31.00
2003-10-29, 00:02:00.000, 302, 56.00, 67.00, -1.00, -30.00
2003-10-29, 00:03:00.000, 302, 55.00, 66.00, -1.00, -29.00
2003-10-29, 00:04:00.000, 302, 54.00, 66.00, 0.00, -30.00
2003-10-29, 00:05:00.000, 302, 49.00, 64.00, 0.00, -30.00
2003-10-29, 00:06:00.000, 302, 48.00, 65.00, -1.00, -30.00
2003-10-29, 00:07:00.000, 302, 48.00, 66.00, -2.00, -31.00
2003-10-29, 00:08:00.000, 302, 47.00, 67.00, -2.00, -32.00
2003-10-29, 00:09:00.000, 302, 44.00, 65.00, -2.00, -33.00
2003-10-29, 00:10:00.000, 302, 47.00, 66.00, -3.00, -34.00
2003-10-29, 00:11:00.000, 302, 49.00, 68.00, -4.00, -35.00
2003-10-29, 00:12:00.000, 302, 51.00, 70.00, -4.00, -36.00
2003-10-29, 00:13:00.000, 302, 53.00, 74.00, -4.00, -38.00
2003-10-29, 00:14:00.000, 302, 52.00, 69.00, -3.00, -36.00
2003-10-29, 00:15:00.000, 302, 51.00, 65.00, -3.00, -34.00
2003-10-29, 00:16:00.000, 302, 50.00, 65.00, -2.00, -34.00
2003-10-29, 00:17:00.000, 302, 48.00, 65.00, -3.00, -34.00
2003-10-29, 00:18:00.000, 302, 46.00, 63.00, -3.00, -34.00
2003-10-29, 00:19:00.000, 302, 45.00, 61.00, -3.00, -34.00
2003-10-29, 00:20:00.000, 302, 47.00, 63.00, -3.00, -35.00
2003-10-29, 00:21:00.000, 302, 48.00, 64.00, -2.00, -35.00
2003-10-29, 00:22:00.000, 302, 46.00, 64.00, -2.00, -36.00
2003-10-29, 00:23:00.000, 302, 45.00, 65.00, -3.00, -37.00
2003-10-29, 00:24:00.000, 302, 46.00, 64.00, -3.00, -37.00
2003-10-29, 00:25:00.000, 302, 47.00, 63.00, -3.00, -37.00
2003-10-29, 00:26:00.000, 302, 46.00, 61.00, -2.00, -36.00
2003-10-29, 00:27:00.000, 302, 47.00, 59.00, -2.00, -36.00
2003-10-29, 00:28:00.000, 302, 48.00, 59.00, -2.00, -37.00
2003-10-29, 00:29:00.000, 302, 48.00, 58.00, -2.00, -37.00
2003-10-29, 00:30:00.000, 302, 48.00, 57.00, -2.00, -38.00
2003-10-29, 00:31:00.000, 302, 46.00, 58.00, -2.00, -38.00
2003-10-29, 00:32:00.000, 302, 46.00, 57.00, -2.00, -39.00
2003-10-29, 00:33:00.000, 302, 47.00, 57.00, -1.00, -38.00
2003-10-29, 00:34:00.000, 302, 49.00, 57.00, -1.00, -38.00
2003-10-29, 00:35:00.000, 302, 48.00, 57.00, -1.00, -39.00
2003-10-29, 00:36:00.000, 302, 46.00, 58.00, -1.00, -40.00
2003-10-29, 00:37:00.000, 302, 43.00, 58.00, -1.00, -41.00
2003-10-29, 00:38:00.000, 302, 42.00, 58.00, -2.00, -42.00
2003-10-29, 00:39:00.000, 302, 40.00, 60.00, -2.00, -43.00
2003-10-29, 00:40:00.000, 302, 41.00, 59.00, -2.00, -43.00
2003-10-29, 00:41:00.000, 302, 41.00, 57.00, -2.00, -42.00
2003-10-29, 00:42:00.000, 302, 42.00, 56.00, -2.00, -42.00
2003-10-29, 00:43:00.000, 302, 43.00, 55.00, -2.00, -43.00
2003-10-29, 00:44:00.000, 302, 42.00, 57.00, -3.00, -44.00
2003-10-29, 00:45:00.000, 302, 42.00, 57.00, -3.00, -44.00
2003-10-29, 00:46:00.000, 302, 42.00, 58.00, -3.00, -44.00
2003-10-29, 00:47:00.000, 302, 43.00, 58.00, -4.00, -44.00
2003-10-29, 00:48:00.000, 302, 44.00, 58.00, -4.00, -44.00
2003-10-29, 00:49:00.000, 302, 45.00, 58.00, -4.00, -45.00
2003-10-29, 00:50:00.000, 302, 45.00, 57.00, -5.00, -45.00
2003-10-29, 00:51:00.000, 302, 45.00, 57.00, -5.00, -47.00
2003-10-29, 00:52:00.000, 302, 46.00, 56.00, -5.00, -47.00
2003-10-29, 00:53:00.000, 302, 45.00, 56.00, -5.00, -48.00
2003-10-29, 00:54:00.000, 302, 45.00, 57.00, -5.00, -48.00
2003-10-29, 00:55:00.000, 302, 43.00, 56.00, -5.00, -48.00
2003-10-29, 00:56:00.000, 302, 42.00, 56.00, -6.00, -48.00
2003-10-29, 00:57:00.000, 302, 41.00, 55.00, -6.00, -48.00
2003-10-29, 00:58:00.000, 302, 39.00, 54.00, -5.00, -48.00
2003-10-29, 00:59:00.000, 302, 38.00, 54.00, -5.00, -48.00
2003-10-29, 01:00:00.000, 302, 38.00, 54.00, -6.00, -48.00
2003-10-29, 01:01:00.000, 302, 37.00, 56.00, -6.00, -48.00
2003-10-29, 01:02:00.000, 302, 38.00, 58.00, -6.00, -49.00
2003-10-29, 01:03:00.000, 302, 37.00, 58.00, -6.00, -49.00
2003-10-29, 01:04:00.000, 302, 37.00, 57.00, -6.00, -49.00
2003-10-29, 01:05:00.000, 302, 37.00, 57.00, -7.00, -49.00
2003-10-29, 01:06:00.000, 302, 35.00, 55.00, -6.00, -49.00
2003-10-29, 01:07:00.000, 302, 35.00, 54.00, -6.00, -49.00
2003-10-29, 01:08:00.000, 302, 35.00, 54.00, -6.00, -49.00
2003-10-29, 01:09:00.000, 302, 33.00, 55.00, -7.00, -49.00
2003-10-29, 01:10:00.000, 302, 33.00, 53.00, -7.00, -48.00
2003-10-29, 01:11:00.000, 302, 34.00, 52.00, -7.00, -48.00
2003-10-29, 01:12:00.000, 302, 33.00, 51.00, -6.00, -48.00
2003-10-29, 01:13:00.000, 302, 32.00, 49.00, -7.00, -48.00
2003-10-29, 01:14:00.000, 302, 33.00, 47.00, -6.00, -48.00
2003-10-29, 01:15:00.000, 302, 31.00, 47.00, -6.00, -47.00
2003-10-29, 01:16:00.000, 302, 31.00, 49.00, -6.00, -48.00
2003-10-29, 01:17:00.000, 302, 32.00, 48.00, -6.00, -48.00
2003-10-29, 01:18:00.000, 302, 32.00, 47.00, -6.00, -48.00
2003-10-29, 01:19:00.000, 302, 32.00, 47.00, -5.00, -48.00
2003-10-29, 01:20:00.000, 302, 31.00, 47.00, -5.00, -47.00
2003-10-29, 01:21:00.000, 302, 31.00, 48.00, -5.00, -47.00
2003-10-29, 01:22:00.000, 302, 30.00, 50.00, -5.00, -48.00
2003-10-29, 01:23:00.000, 302, 30.00, 51.00, -5.00, -47.00
2003-10-29, 01:24:00.000, 302, 30.00, 50.00, -5.00, -47.00
2003-10-29, 01:25:00.000, 302, 30.00, 50.00, -5.00, -46.00
2003-10-29, 01:26:00.000, 302, 27.00, 46.00, -4.00, -45.00
2003-10-29, 01:27:00.000, 302, 29.00, 40.00, -4.00, -43.00
2003-10-29, 01:28:00.000, 302, 30.00, 39.00, -4.00, -42.00
2003-10-29, 01:29:00.000, 302, 30.00, 40.00, -3.00, -42.00
2003-10-29, 01:30:00.000, 302, 28.00, 40.00, -4.00, -43.00
2003-10-29, 01:31:00.000, 302, 30.00, 37.00, -3.00, -44.00
2003-10-29, 01:32:00.000, 302, 27.00, 36.00, -3.00, -44.00
2003-10-29, 01:33:00.000, 302, 27.00, 37.00, -3.00, -43.00
2003-10-29, 01:34:00.000, 302, 28.00, 36.00, -3.00, -42.00
2003-10-29, 01:35:00.000, 302, 26.00, 36.00, -2.00, -42.00
2003-10-29, 01:36:00.000, 302, 24.00, 34.00, -2.00, -41.00
2003-10-29, 01:37:00.000, 302, 25.00, 35.00, -2.00, -42.00
2003-10-29, 01:38:00.000, 302, 26.00, 36.00, -3.00, -42.00
2003-10-29, 01:39:00.000, 302, 26.00, 34.00, -3.00, -43.00
2003-10-29, 01:40:00.000, 302, 25.00, 33.00, -2.00, -42.00
2003-10-29, 01:41:00.000, 302, 27.00, 33.00, -2.00, -42.00
2003-10-29, 01:42:00.000, 302, 26.00, 33.00, -2.00, -43.00
2003-10-29, 01:43:00.000, 302, 25.00, 32.00, -2.00, -42.00
2003-10-29, 01:44:00.000, 302, 25.00, 32.00, -2.00, -42.00
2003-10-29, 01:45:00.000, 302, 26.00, 33.00, -2.00, -42.00
2003-10-29, 01:46:00.000, 302, 26.00, 35.00, -2.00, -42.00
2003-10-29, 01:47:00.000, 302, 26.00, 34.00, -2.00, -43.00
2003-10-29, 01:48:00.000, 302, 26.00, 34.00, -3.00, -43.00
2003-10-29, 01:49:00.000, 302, 26.00, 37.00, -3.00, -43.00
2003-10-29, 01:50:00.000, 302, 26.00, 39.00, -3.00, -43.00
2003-10-29, 01:51:00.000, 302, 27.00, 38.00, -4.00, -43.00
2003-10-29, 01:52:00.000, 302, 28.00, 40.00, -4.00, -44.00
2003-10-29, 01:53:00.000, 302, 30.00, 41.00, -4.00, -44.00
2003-10-29, 01:54:00.000, 302, 31.00, 41.00, -4.00, -44.00
2003-10-29, 01:55:00.000, 302, 30.00, 40.00, -4.00, -44.00
2003-10-29, 01:56:00.000, 302, 30.00, 38.00, -4.00, -44.00
2003-10-29, 01:57:00.000, 302, 32.00, 40.00, -4.00, -43.00
2003-10-29, 01:58:00.000, 302, 31.00, 40.00, -4.00, -43.00
2003-10-29, 01:59:00.000, 302, 31.00, 37.00, -4.00, -43.00
2003-10-29, 02:00:00.000, 302, 32.00, 35.00, -4.00, -44.00
2003-10-29, 02:01:00.000, 302, 32.00, 35.00, -4.00, -43.00
2003-10-29, 02:02:00.000, 302, 32.00, 35.00, -4.00, -43.00
2003-10-29, 02:03:00.000, 302, 33.00, 36.00, -4.00, -42.00
2003-10-29, 02:04:00.000, 302, 36.00, 37.00, -4.00, -41.00
2003-10-29, 02:05:00.000, 302, 35.00, 35.00, -4.00, -41.00
2003-10-29, 02:06:00.000, 302, 34.00, 37.00, -4.00, -41.00
2003-10-29, 02:07:00.000, 302, 32.00, 35.00, -3.00, -41.00
2003-10-29, 02:08:00.000, 302, 31.00, 29.00, -2.00, -40.00
2003-10-29, 02:09:00.000, 302, 28.00, 28.00, -1.00, -40.00
2003-10-29, 02:10:00.000, 302, 28.00, 29.00, -1.00, -39.00
2003-10-29, 02:11:00.000, 302, 27.00, 27.00, -2.00, -39.00
2003-10-29, 02:12:00.000, 302, 25.00, 25.00, -2.00, -38.00
2003-10-29, 02:13:00.000, 302, 21.00, 24.00, -1.00, -37.00
2003-10-29, 02:14:00.000, 302, 21.00, 23.00, -1.00, -36.00
2003-10-29, 02:15:00.000, 302, 27.00, 24.00, -2.00, -35.00
2003-10-29, 02:16:00.000, 302, 32.00, 27.00, -1.00, -37.00
2003-10-29, 02:17:00.000, 302, 31.00, 27.00, 0.00, -37.00
2003-10-29, 02:18:00.000, 302, 29.00, 28.00, 0.00, -37.00
2003-10-29, 02:19:00.000, 302, 29.00, 30.00, 1.00, -37.00
2003-10-29, 02:20:00.000, 302, 28.00, 29.00, 1.00, -36.00
2003-10-29, 02:21:00.000, 302, 28.00, 28.00, 1.00, -36.00
2003-10-29, 02:22:00.000, 302, 26.00, 29.00, 1.00, -36.00
2003-10-29, 02:23:00.000, 302, 24.00, 29.00, 1.00, -36.00
2003-10-29, 02:24:00.000, 302, 23.00, 28.00, 1.00, -35.00
2003-10-29, 02:25:00.000, 302, 24.00, 28.00, 1.00, -35.00
2003-10-29, 02:26:00.000, 302, 23.00, 30.00, 1.00, -35.00
2003-10-29, 02:27:00.000, 302, 22.00, 30.00, 1.00, -34.00
2003-10-29, 02:28:00.000, 302, 22.00, 31.00, 1.00, -34.00
2003-10-29, 02:29:00.000, 302, 22.00, 33.00, 1.00, -33.00
2003-10-29, 02:30:00.000, 302, 21.00, 34.00, 2.00, -33.00
2003-10-29, 02:31:00.000, 302, 21.00, 34.00, 2.00, -32.00
2003-10-29, 02:32:00.000, 302, 22.00, 35.00, 2.00, -32.00
2003-10-29, 02:33:00.000, 302, 22.00, 35.00, 2.00, -32.00
2003-10-29, 02:34:00.000, 302, 22.00, 34.00, 1.00, -32.00
2003-10-29, 02:35:00.000, 302, 21.00, 33.00, 1.00, -32.00
2003-10-29, 02:36:00.000, 302, 20.00, 32.00, 1.00, -31.00
2003-10-29, 02:37:00.000, 302, 20.00, 31.00, 1.00, -30.00
2003-10-29, 02:38:00.000, 302, 21.00, 32.00, 1.00, -30.00
2003-10-29, 02:39:00.000, 302, 19.00, 29.00, 0.00, -29.00
2003-10-29, 02:40:00.000, 302, 19.00, 27.00, 0.00, -29.00
2003-10-29, 02:41:00.000, 302, 19.00, 26.00, 1.00, -28.00
2003-10-29, 02:42:00.000, 302, 19.00, 25.00, 1.00, -27.00
2003-10-29, 02:43:00.000, 302, 16.00, 24.00, 1.00, -27.00
2003-10-29, 02:44:00.000, 302, 15.00, 23.00, 0.00, -27.00
2003-10-29, 02:45:00.000, 302, 15.00, 23.00, 0.00, -27.00
2003-10-29, 02:46:00.000, 302, 15.00, 22.00, -1.00, -27.00
2003-10-29, 02:47:00.000, 302, 15.00, 21.00, -1.00, -29.00
2003-10-29, 02:48:00.000, 302, 17.00, 20.00, 0.00, -29.00
2003-10-29, 02:49:00.000, 302, 19.00, 20.00, 0.00, -29.00
2003-10-29, 02:50:00.000, 302, 18.00, 19.00, -1.00, -30.00
2003-10-29, 02:51:00.000, 302, 18.00, 18.00, -1.00, -31.00
2003-10-29, 02:52:00.000, 302, 20.00, 17.00, -1.00, -31.00
2003-10-29, 02:53:00.000, 302, 19.00, 15.00, -1.00, -31.00
2003-10-29, 02:54:00.000, 302, 20.00, 15.00, -1.00, -32.00
2003-10-29, 02:55:00.000, 302, 22.00, 16.00, -1.00, -33.00
2003-10-29, 02:56:00.000, 302, 22.00, 18.00, -1.00, -32.00
2003-10-29, 02:57:00.000, 302, 24.00, 18.00, -1.00, -32.00
2003-10-29, 02:58:00.000, 302, 23.00, 19.00, 0.00, -32.00
2003-10-29, 02:59:00.000, 302, 19.00, 18.00, 0.00, -32.00
2003-10-29, 03:00:00.000, 302, 20.00, 17.00, -1.00, -29.00
2003-10-29, 03:01:00.000, 302, 24.00, 19.00, 0.00, -29.00
2003-10-29, 03:02:00.000, 302, 25.00, 21.00, 1.00, -28.00
2003-10-29, 03:03:00.000, 302, 25.00, 22.00, 2.00, -28.00
2003-10-29, 03:04:00.000, 302, 23.00, 22.00, 2.00, -27.00
2003-10-29, 03:05:00.000, 302, 22.00, 23.00, 1.00, -28.00
2003-10-29, 03:06:00.000, 302, 22.00, 25.00, 1.00, -29.00
2003-10-29, 03:07:00.000, 302, 22.00, 25.00, 1.00, -29.00
2003-10-29, 03:08:00.000, 302, 22.00, 25.00, 1.00, -29.00
2003-10-29, 03:09:00.000, 302, 21.00, 25.00, 1.00, -29.00
2003-10-29, 03:10:00.000, 302, 21.00, 24.00, 1.00, -29.00
2003-10-29, 03:11:00.000, 302, 20.00, 25.00, 1.00, -29.00
2003-10-29, 03:12:00.000, 302, 19.00, 26.00, 1.00, -29.00
2003-10-29, 03:13:00.000, 302, 20.00, 26.00, 1.00, -29.00
2003-10-29, 03:14:00.000, 302, 17.00, 26.00, 0.00, -29.00
2003-10-29, 03:15:00.000, 302, 16.00, 26.00, 0.00, -30.00
2003-10-29, 03:16:00.000, 302, 16.00, 26.00, 0.00, -30.00
2003-10-29, 03:17:00.000, 302, 15.00, 26.00, 1.00, -31.00
2003-10-29, 03:18:00.000, 302, 14.00, 25.00, 0.00, -31.00
2003-10-29, 03:19:00.000, 302, 12.00, 24.00, -1.00, -32.00
2003-10-29, 03:20:00.000, 302, 12.00, 25.00, -1.00, -33.00
2003-10-29, 03:21:00.000, 302, 12.00, 25.00, -1.00, -33.00
2003-10-29, 03:22:00.000, 302, 12.00, 26.00, -1.00, -33.00
2003-10-29, 03:23:00.000, 302, 11.00, 25.00, -1.00, -33.00
2003-10-29, 03:24:00.000, 302, 11.00, 24.00, -1.00, -32.00
2003-10-29, 03:25:00.000, 302, 11.00, 25.00, -1.00, -32.00
2003-10-29, 03:26:00.000, 302, 11.00, 24.00, 0.00, -32.00
2003-10-29, 03:27:00.000, 302, 10.00, 23.00, 0.00, -31.00
2003-10-29, 03:28:00.000, 302, 13.00, 29.00, 0.00, -33.00
2003-10-29, 03:29:00.000, 302, 12.00, 29.00, 0.00, -33.00
2003-10-29, 03:30:00.000, 302, 12.00, 27.00, 0.00, -32.00
2003-10-29, 03:31:00.000, 302, 12.00, 28.00, 1.00, -31.00
2003-10-29, 03:32:00.000, 302, 11.00, 28.00, 1.00, -31.00
2003-10-29, 03:33:00.000, 302, 11.00, 29.00, 1.00, -31.00
2003-10-29, 03:34:00.000, 302, 12.00, 30.00, 1.00, -32.00
2003-10-29, 03:35:00.000, 302, 12.00, 28.00, 1.00, -32.00
2003-10-29, 03:36:00.000, 302, 13.00, 29.00, 0.00, -31.00
2003-10-29, 03:37:00.000, 302, 10.00, 28.00, 1.00, -31.00
2003-10-29, 03:38:00.000, 302, 9.00, 29.00, 0.00, -31.00
2003-10-29, 03:39:00.000, 302, 9.00, 31.00, 0.00, -31.00
2003-10-29, 03:40:00.000, 302, 10.00, 30.00, 0.00, -32.00
2003-10-29, 03:41:00.000, 302, 9.00, 30.00, 0.00, -32.00
2003-10-29, 03:42:00.000, 302, 8.00, 28.00, 0.00, -32.00
2003-10-29, 03:43:00.000, 302, 7.00, 28.00, 0.00, -33.00
2003-10-29, 03:44:00.000, 302, 8.00, 27.00, -1.00, -32.00
2003-10-29, 03:45:00.000, 302, 9.00, 27.00, -1.00, -33.00
2003-10-29, 03:46:00.000, 302, 8.00, 29.00, -1.00, -34.00
2003-10-29, 03:47:00.000, 302, 8.00, 28.00, -1.00, -34.00
2003-10-29, 03:48:00.000, 302, 9.00, 27.00, -2.00, -35.00
2003-10-29, 03:49:00.000, 302, 11.00, 29.00, -2.00, -36.00
2003-10-29, 03:50:00.000, 302, 11.00, 31.00, -1.00, -35.00
2003-10-29, 03:51:00.000, 302, 12.00, 30.00, -1.00, -34.00
2003-10-29, 03:52:00.000, 302, 12.00, 27.00, -1.00, -33.00
2003-10-29, 03:53:00.000, 302, 12.00, 28.00, -1.00, -35.00
2003-10-29, 03:54:00.000, 302, 12.00, 29.00, -1.00, -36.00
2003-10-29, 03:55:00.000, 302, 12.00, 31.00, -1.00, -37.00
2003-10-29, 03:56:00.000, 302, 12.00, 32.00, 0.00, -37.00
2003-10-29, 03:57:00.000, 302, 13.00, 32.00, 0.00, -37.00
2003-10-29, 03:58:00.000, 302, 14.00, 29.00, 0.00, -37.00
2003-10-29, 03:59:00.000, 302, 12.00, 28.00, 0.00, -37.00
2003-10-29, 04:00:00.000, 302, 13.00, 29.00, -1.00, -37.00
2003-10-29, 04:01:00.000, 302, 12.00, 28.00, -1.00, -37.00
2003-10-29, 04:02:00.000, 302, 14.00, 32.00, 0.00, -38.00
2003-10-29, 04:03:00.000, 302, 13.00, 34.00, 0.00, -39.00
2003-10-29, 04:04:00.000, 302, 14.00, 33.00, 0.00, -37.00
2003-10-29, 04:05:00.000, 302, 14.00, 33.00, 0.00, -36.00
2003-10-29, 04:06:00.000, 302, 13.00, 35.00, 1.00, -36.00
2003-10-29, 04:07:00.000, 302, 13.00, 37.00, 2.00, -36.00
2003-10-29, 04:08:00.000, 302, 11.00, 36.00, 2.00, -35.00
2003-10-29, 04:09:00.000, 302, 10.00, 35.00, 1.00, -36.00
2003-10-29, 04:10:00.000, 302, 10.00, 35.00, 1.00, -36.00
2003-10-29, 04:11:00.000, 302, 10.00, 34.00, 0.00, -36.00
2003-10-29, 04:12:00.000, 302, 11.00, 34.00, 0.00, -36.00
2003-10-29, 04:13:00.000, 302, 10.00, 34.00, -1.00, -35.00
2003-10-29, 04:14:00.000, 302, 9.00, 33.00, -1.00, -36.00
2003-10-29, 04:15:00.000, 302, 8.00, 34.00, -1.00, -37.00
2003-10-29, 04:16:00.000, 302, 8.00, 34.00, -1.00, -36.00
2003-10-29, 04:17:00.000, 302, 8.00, 35.00, -1.00, -35.00
2003-10-29, 04:18:00.000, 302, 7.00, 34.00, -1.00, -36.00
2003-10-29, 04:19:00.000, 302, 8.00, 33.00, -1.00, -35.00
2003-10-29, 04:20:00.000, 302, 9.00, 35.00, -1.00, -36.00
2003-10-29, 04:21:00.000, 302, 8.00, 36.00, -1.00, -36.00
2003-10-29, 04:22:00.000, 302, 8.00, 37.00, -1.00, -36.00
2003-10-29, 04:23:00.000, 302, 8.00, 38.00, -1.00, -36.00
2003-10-29, 04:24:00.000, 302, 7.00, 39.00, -1.00, -35.00
2003-10-29, 04:25:00.000, 302, 8.00, 40.00, 0.00, -34.00
2003-10-29, 04:26:00.000, 302, 7.00, 38.00, 0.00, -33.00
2003-10-29, 04:27:00.000, 302, 7.00, 35.00, -1.00, -33.00
2003-10-29, 04:28:00.000, 302, 9.00, 32.00, -2.00, -33.00
2003-10-29, 04:29:00.000, 302, 10.00, 34.00, -2.00, -32.00
2003-10-29, 04:30:00.000, 302, 8.00, 35.00, -2.00, -32.00
2003-10-29, 04:31:00.000, 302, 9.00, 33.00, -2.00, -33.00
2003-10-29, 04:32:00.000, 302, 9.00, 33.00, -2.00, -33.00
2003-10-29, 04:33:00.000, 302, 10.00, 32.00, -2.00, -33.00
2003-10-29, 04:34:00.000, 302, 11.00, 30.00, -3.00, -33.00
2003-10-29, 04:35:00.000, 302, 12.00, 30.00, -4.00, -34.00
2003-10-29, 04:36:00.000, 302, 11.00, 33.00, -4.00, -35.00
2003-10-29, 04:37:00.000, 302, 12.00, 35.00, -3.00, -36.00
2003-10-29, 04:38:00.000, 302, 11.00, 37.00, -3.00, -37.00
2003-10-29, 04:39:00.000, 302, 10.00, 37.00, -2.00, -37.00
2003-10-29, 04:40:00.000, 302, 10.00, 40.00, -1.00, -37.00
2003-10-29, 04:41:00.000, 302, 11.00, 42.00, 0.00, -37.00
2003-10-29, 04:42:00.000, 302, 10.00, 43.00, 0.00, -37.00
2003-10-29, 04:43:00.000, 302, 9.00, 41.00, 0.00, -37.00
2003-10-29, 04:44:00.000, 302, 10.00, 41.00, 1.00, -38.00
2003-10-29, 04:45:00.000, 302, 11.00, 43.00, 1.00, -37.00
2003-10-29, 04:46:00.000, 302, 13.00, 44.00, 1.00, -38.00
2003-10-29, 04:47:00.000, 302, 15.00, 44.00, 1.00, -37.00
2003-10-29, 04:48:00.000, 302, 14.00, 43.00, 0.00, -37.00
2003-10-29, 04:49:00.000, 302, 15.00, 41.00, 0.00, -36.00
2003-10-29, 04:50:00.000, 302, 16.00, 44.00, 0.00, -36.00
2003-10-29, 04:51:00.000, 302, 19.00, 45.00, 0.00, -36.00
2003-10-29, 04:52:00.000, 302, 18.00, 46.00, 0.00, -37.00
2003-10-29, 04:53:00.000, 302, 18.00, 45.00, 0.00, -37.00
2003-10-29, 04:54:00.000, 302, 16.00, 41.00, -1.00, -37.00
2003-10-29, 04:55:00.000, 302, 15.00, 44.00, -2.00, -37.00
2003-10-29, 04:56:00.000, 302, 14.00, 49.00, -1.00, -37.00
2003-10-29, 04:57:00.000, 302, 16.00, 46.00, 0.00, -38.00
2003-10-29, 04:58:00.000, 302, 17.00, 46.00, -1.00, -38.00
2003-10-29, 04:59:00.000, 302, 16.00, 44.00, -1.00, -39.00
2003-10-29, 05:00:00.000, 302, 13.00, 39.00, -2.00, -40.00
2003-10-29, 05:01:00.000, 302, 15.00, 41.00, -2.00, -38.00
2003-10-29, 05:02:00.000, 302, 17.00, 47.00, -1.00, -36.00
2003-10-29, 05:03:00.000, 302, 16.00, 48.00, -1.00, -37.00
2003-10-29, 05:04:00.000, 302, 15.00, 44.00, -2.00, -38.00
2003-10-29, 05:05:00.000, 302, 12.00, 44.00, -2.00, -39.00
2003-10-29, 05:06:00.000, 302, 11.00, 45.00, -3.00, -40.00
2003-10-29, 05:07:00.000, 302, 10.00, 46.00, -3.00, -40.00
2003-10-29, 05:08:00.000, 302, 11.00, 46.00, -3.00, -40.00
2003-10-29, 05:09:00.000, 302, 12.00, 47.00, -3.00, -40.00
2003-10-29, 05:10:00.000, 302, 11.00, 47.00, -3.00, -40.00
2003-10-29, 05:11:00.000, 302, 11.00, 47.00, -3.00, -39.00
2003-10-29, 05:12:00.000, 302, 12.00, 48.00, -4.00, -39.00
2003-10-29, 05:13:00.000, 302, 10.00, 52.00, -4.00, -39.00
2003-10-29, 05:14:00.000, 302, 11.00, 52.00, -3.00, -40.00
2003-10-29, 05:15:00.000, 302, 14.00, 53.00, -3.00, -41.00
2003-10-29, 05:16:00.000, 302, 13.00, 54.00, -3.00, -41.00
2003-10-29, 05:17:00.000, 302, 13.00, 54.00, -4.00, -42.00
2003-10-29, 05:18:00.000, 302, 14.00, 54.00, -4.00, -41.00
2003-10-29, 05:19:00.000, 302, 14.00, 55.00, -4.00, -42.00
2003-10-29, 05:20:00.000, 302, 15.00, 55.00, -4.00, -43.00
2003-10-29, 05:21:00.000, 302, 15.00, 54.00, -4.00, -43.00
2003-10-29, 05:22:00.000, 302, 15.00, 56.00, -5.00, -43.00
2003-10-29, 05:23:00.000, 302, 14.00, 58.00, -5.00, -42.00
2003-10-29, 05:24:00.000, 302, 15.00, 57.00, -4.00, -42.00
2003-10-29, 05:25:00.000, 302, 15.00, 56.00, -4.00, -42.00
2003-10-29, 05:26:00.000, 302, 16.00, 57.00, -5.00, -41.00
2003-10-29, 05:27:00.000, 302, 16.00, 58.00, -4.00, -41.00
2003-10-29, 05:28:00.000, 302, 16.00, 59.00, -4.00, -41.00
2003-10-29, 05:29:00.000, 302, 17.00, 58.00, -4.00, -41.00
2003-10-29, 05:30:00.000, 302, 17.00, 59.00, -4.00, -41.00
2003-10-29, 05:31:00.000, 302, 16.00, 60.00, -4.00, -42.00
2003-10-29, 05:32:00.000, 302, 18.00, 59.00, -4.00, -42.00
2003-10-29, 05:33:00.000, 302, 18.00, 59.00, -4.00, -41.00
2003-10-29, 05:34:00.000, 302, 18.00, 61.00, -4.00, -41.00
2003-10-29, 05:35:00.000, 302, 19.00, 61.00, -4.00, -40.00
2003-10-29, 05:36:00.000, 302, 19.00, 60.00, -3.00, -40.00
2003-10-29, 05:37:00.000, 302, 19.00, 60.00, -4.00, -40.00
2003-10-29, 05:38:00.000, 302, 20.00, 60.00, -4.00, -40.00
2003-10-29, 05:39:00.000, 302, 20.00, 59.00, -4.00, -41.00
2003-10-29, 05:40:00.000, 302, 20.00, 59.00, -5.00, -41.00
2003-10-29, 05:41:00.000, 302, 19.00, 61.00, -4.00, -41.00
2003-10-29, 05:42:00.000, 302, 19.00, 61.00, -4.00, -41.00
2003-10-29, 05:43:00.000, 302, 19.00, 62.00, -4.00, -40.00
2003-10-29, 05:44:00.000, 302, 18.00, 62.00, -4.00, -39.00
2003-10-29, 05:45:00.000, 302, 18.00, 60.00, -4.00, -39.00
2003-10-29, 05:46:00.000, 302, 18.00, 58.00, -4.00, -38.00
2003-10-29, 05:47:00.000, 302, 19.00, 59.00, -5.00, -38.00
2003-10-29, 05:48:00.000, 302, 17.00, 60.00, -4.00, -37.00
2003-10-29, 05:49:00.000, 302, 16.00, 59.00, -4.00, -37.00
2003-10-29, 05:50:00.000, 302, 17.00, 59.00, -4.00, -38.00
2003-10-29, 05:51:00.000, 302, 17.00, 59.00, -4.00, -38.00
2003-10-29, 05:52:00.000, 302, 15.00, 58.00, -4.00, -36.00
2003-10-29, 05:53:00.000, 302, 17.00, 59.00, -5.00, -35.00
2003-10-29, 05:54:00.000, 302, 14.00, 58.00, -4.00, -36.00
2003-10-29, 05:55:00.000, 302, 15.00, 57.00, -5.00, -36.00
2003-10-29, 05:56:00.000, 302, 16.00, 57.00, -5.00, -37.00
2003-10-29, 05:57:00.000, 302, 15.00, 55.00, -5.00, -37.00
2003-10-29, 05:58:00.000, 302, 15.00, 55.00, -6.00, -37.00
2003-10-29, 05:59:00.000, 302, 15.00, 58.00, -6.00, -35.00
2003-10-29, 06:00:00.000, 302, 13.00, 59.00, -5.00, -34.00
2003-10-29, 06:01:00.000, 302, 13.00, 59.00, -5.00, -34.00
2003-10-29, 06:02:00.000, 302, 13.00, 60.00, -5.00, -35.00
2003-10-29, 06:03:00.000, 302, 14.00, 56.00, -6.00, -34.00
2003-10-29, 06:04:00.000, 302, 16.00, 56.00, -6.00, -34.00
2003-10-29, 06:05:00.000, 302, 14.00, 57.00, -7.00, -33.00
2003-10-29, 06:06:00.000, 302, 16.00, 56.00, -7.00, -33.00
2003-10-29, 06:07:00.000, 302, 14.00, 55.00, -7.00, -31.00
2003-10-29, 06:08:00.000, 302, 15.00, 54.00, -8.00, -31.00
2003-10-29, 06:09:00.000, 302, 15.00, 59.00, -7.00, -32.00
2003-10-29, 06:10:00.000, 302, 13.00, 59.00, -7.00, -31.00
2003-10-29, 06:11:00.000, 302, 13.00, 51.00, -6.00, -18.00
2003-10-29, 06:12:00.000, 302, 29.00, 150.00, -1.00, 41.00
2003-10-29, 06:13:00.000, 302, 36.00, 149.00, 1.00, 44.00
2003-10-29, 06:14:00.000, 302, 51.00, 165.00, -2.00, 49.00
2003-10-29, 06:15:00.000, 302, 74.00, 236.00, 5.00, 38.00
2003-10-29, 06:16:00.000, 302, 74.00, 235.00, 13.00, 37.00
2003-10-29, 06:17:00.000, 302, 75.00, 234.00, 12.00, 32.00
2003-10-29, 06:18:00.000, 302, 55.00, 219.00, 16.00, 30.00
2003-10-29, 06:19:00.000, 302, 51.00, 218.00, 15.00, 29.00
2003-10-29, 06:20:00.000, 302, 45.00, 227.00, 19.00, 24.00
2003-10-29, 06:21:00.000, 302, 44.00, 234.00, 21.00, 21.00
2003-10-29, 06:22:00.000, 302, 42.00, 223.00, 21.00, 21.00
2003-10-29, 06:23:00.000, 302, 35.00, 218.00, 20.00, 21.00
2003-10-29, 06:24:00.000, 302, 27.00, 210.00, 19.00, 19.00
2003-10-29, 06:25:00.000, 302, 36.00, 241.00, 22.00, 21.00
2003-10-29, 06:26:00.000, 302, 39.00, 259.00, 25.00, 18.00
2003-10-29, 06:27:00.000, 302, 46.00, 254.00, 28.00, 16.00
2003-10-29, 06:28:00.000, 302, 55.00, 277.00, 32.00, 13.00
2003-10-29, 06:29:00.000, 302, 57.00, 278.00, 35.00, 4.00
2003-10-29, 06:30:00.000, 302, 55.00, 293.00, 37.00, 3.00
2003-10-29, 06:31:00.000, 302, 64.00, 440.00, 42.00, 22.00
2003-10-29, 06:32:00.000, 302, 74.00, 359.00, 47.00, -1.00
2003-10-29, 06:33:00.000, 302, 83.00, 381.00, 52.00, 2.00
2003-10-29, 06:34:00.000, 302, 94.00, 413.00, 57.00, 4.00
2003-10-29, 06:35:00.000, 302, 98.00, 407.00, 58.00, 3.00
2003-10-29, 06:36:00.000, 302, 105.00, 407.00, 58.00, -1.00
2003-10-29, 06:37:00.000, 302, 106.00, 402.00, 58.00, 1.00
2003-10-29, 06:38:00.000, 302, 111.00, 410.00, 59.00, 2.00
2003-10-29, 06:39:00.000, 302, 113.00, 388.00, 57.00, -7.00
2003-10-29, 06:40:00.000, 302, 83.00, 348.00, 52.00, -10.00
2003-10-29, 06:41:00.000, 302, 132.00, 400.00, 54.00, -13.00
2003-10-29, 06:42:00.000, 302, 120.00, 435.00, 64.00, -16.00
2003-10-29, 06:43:00.000, 302, 152.00, 466.00, 67.00, -13.00
2003-10-29, 06:44:00.000, 302, 164.00, 473.00, 71.00, 2.00
2003-10-29, 06:45:00.000, 302, 210.00, 558.00, 78.00, 12.00
2003-10-29, 06:46:00.000, 302, 222.00, 649.00, 93.00, -7.00
2003-10-29, 06:47:00.000, 302, 251.00, 673.00, 04.00, -18.00
2003-10-29, 06:48:00.000, 302, 295.00, 719.00, 13.00, 10.00
2003-10-29, 06:49:00.000, 302, 302.00, 664.00, 03.00, 10.00
2003-10-29, 06:50:00.000, 302, 315.00, 695.00, 98.00, 13.00
2003-10-29, 06:51:00.000, 302, 311.00, 665.00, 89.00, 7.00
2003-10-29, 06:52:00.000, 302, 329.00, 667.00, 84.00, 1.00
2003-10-29, 06:53:00.000, 302, 368.00, 670.00, 83.00, -8.00
2003-10-29, 06:54:00.000, 302, 402.00, 678.00, 83.00, -12.00
2003-10-29, 06:55:00.000, 302, 425.00, 664.00, 86.00, -17.00
2003-10-29, 06:56:00.000, 302, 428.00, 706.00, 93.00, -14.00
2003-10-29, 06:57:00.000, 302, 429.00, 672.00, 95.00, -25.00
2003-10-29, 06:58:00.000, 302, 421.00, 722.00, 92.00, -18.00
2003-10-29, 06:59:00.000, 302, 386.00, 690.00, 80.00, -21.00
2003-10-29, 07:00:00.000, 302, 377.00, 709.00, 80.00, -20.00
2003-10-29, 07:01:00.000, 302, 379.00, 684.00, 71.00, -32.00
2003-10-29, 07:02:00.000, 302, 349.00, 673.00, 72.00, -36.00
2003-10-29, 07:03:00.000, 302, 327.00, 625.00, 64.00, -39.00
2003-10-29, 07:04:00.000, 302, 327.00, 609.00, 56.00, -34.00
2003-10-29, 07:05:00.000, 302, 303.00, 574.00, 47.00, -52.00
2003-10-29, 07:06:00.000, 302, 295.00, 543.00, 38.00, -60.00
2003-10-29, 07:07:00.000, 302, 292.00, 539.00, 34.00, -60.00
2003-10-29, 07:08:00.000, 302, 293.00, 549.00, 35.00, -59.00
2003-10-29, 07:09:00.000, 302, 319.00, 579.00, 38.00, -39.00
2003-10-29, 07:10:00.000, 302, 312.00, 534.00, 27.00, -42.00
2003-10-29, 07:11:00.000, 302, 320.00, 545.00, 27.00, -44.00
2003-10-29, 07:12:00.000, 302, 316.00, 501.00, 19.00, -60.00
2003-10-29, 07:13:00.000, 302, 315.00, 511.00, 23.00, -63.00
2003-10-29, 07:14:00.000, 302, 347.00, 541.00, 27.00, -59.00
2003-10-29, 07:15:00.000, 302, 361.00, 534.00, 28.00, -58.00
2003-10-29, 07:16:00.000, 302, 371.00, 544.00, 28.00, -58.00
2003-10-29, 07:17:00.000, 302, 371.00, 526.00, 24.00, -55.00
2003-10-29, 07:18:00.000, 302, 362.00, 513.00, 21.00, -57.00
2003-10-29, 07:19:00.000, 302, 359.00, 503.00, 17.00, -57.00
2003-10-29, 07:20:00.000, 302, 354.00, 491.00, 14.00, -63.00
2003-10-29, 07:21:00.000, 302, 355.00, 473.00, 11.00, -66.00
2003-10-29, 07:22:00.000, 302, 360.00, 451.00, 9.00, -71.00
2003-10-29, 07:23:00.000, 302, 371.00, 445.00, 10.00, -79.00
2003-10-29, 07:24:00.000, 302, 386.00, 458.00, 13.00, -82.00
2003-10-29, 07:25:00.000, 302, 391.00, 460.00, 15.00, -81.00
2003-10-29, 07:26:00.000, 302, 393.00, 444.00, 10.00, -89.00
2003-10-29, 07:27:00.000, 302, 386.00, 407.00, 6.00, -92.00
2003-10-29, 07:28:00.000, 302, 379.00, 410.00, 3.00, -93.00
2003-10-29, 07:29:00.000, 302, 375.00, 385.00, 0.00, -98.00
2003-10-29, 07:30:00.000, 302, 361.00, 366.00, -5.00, -90.00
2003-10-29, 07:31:00.000, 302, 355.00, 342.00, 10.00, -97.00
2003-10-29, 07:32:00.000, 302, 338.00, 320.00, 11.00, -101.00
2003-10-29, 07:33:00.000, 302, 336.00, 293.00, 14.00, -103.00
2003-10-29, 07:34:00.000, 302, 334.00, 273.00, 14.00, -104.00
2003-10-29, 07:35:00.000, 302, 329.00, 249.00, 16.00, -105.00
2003-10-29, 07:36:00.000, 302, 319.00, 208.00, 20.00, -107.00
2003-10-29, 07:37:00.000, 302, 311.00, 182.00, 23.00, -112.00
2003-10-29, 07:38:00.000, 302, 301.00, 163.00, 24.00, -117.00
2003-10-29, 07:39:00.000, 302, 285.00, 145.00, 24.00, -129.00
2003-10-29, 07:40:00.000, 302, 260.00, 134.00, 24.00, -135.00
2003-10-29, 07:41:00.000, 302, 264.00, 144.00, 23.00, -134.00
2003-10-29, 07:42:00.000, 302, 262.00, 130.00, 23.00, -140.00
2003-10-29, 07:43:00.000, 302, 249.00, 122.00, 20.00, -142.00
2003-10-29, 07:44:00.000, 302, 237.00, 125.00, 17.00, -145.00
2003-10-29, 07:45:00.000, 302, 239.00, 133.00, 12.00, -148.00
2003-10-29, 07:46:00.000, 302, 220.00, 97.00, 14.00, -145.00
2003-10-29, 07:47:00.000, 302, 202.00, 93.00, 12.00, -141.00
2003-10-29, 07:48:00.000, 302, 210.00, 76.00, 14.00, -140.00
2003-10-29, 07:49:00.000, 302, 193.00, 67.00, 14.00, -140.00
2003-10-29, 07:50:00.000, 302, 192.00, 79.00, 11.00, -141.00
2003-10-29, 07:51:00.000, 302, 169.00, 61.00, 11.00, -139.00
2003-10-29, 07:52:00.000, 302, 164.00, 60.00, -9.00, -142.00
2003-10-29, 07:53:00.000, 302, 150.00, 48.00, -9.00, -135.00
2003-10-29, 07:54:00.000, 302, 154.00, 49.00, 10.00, -139.00
2003-10-29, 07:55:00.000, 302, 150.00, 53.00, -8.00, -143.00
2003-10-29, 07:56:00.000, 302, 137.00, 53.00, -5.00, -142.00
2003-10-29, 07:57:00.000, 302, 137.00, 55.00, -5.00, -140.00
2003-10-29, 07:58:00.000, 302, 132.00, 51.00, -4.00, -143.00
2003-10-29, 07:59:00.000, 302, 122.00, 60.00, -5.00, -143.00
2003-10-29, 08:00:00.000, 302, 120.00, 69.00, -4.00, -153.00
2003-10-29, 08:01:00.000, 302, 100.00, 93.00, -2.00, -150.00
2003-10-29, 08:02:00.000, 302, 110.00, 82.00, -3.00, -148.00
2003-10-29, 08:03:00.000, 302, 99.00, 90.00, -2.00, -151.00
2003-10-29, 08:04:00.000, 302, 78.00, 105.00, -1.00, -148.00
2003-10-29, 08:05:00.000, 302, 79.00, 94.00, 0.00, -143.00
2003-10-29, 08:06:00.000, 302, 70.00, 96.00, -1.00, -145.00
2003-10-29, 08:07:00.000, 302, 57.00, 97.00, 1.00, -145.00
2003-10-29, 08:08:00.000, 302, 58.00, 91.00, 1.00, -148.00
2003-10-29, 08:09:00.000, 302, 51.00, 88.00, 3.00, -147.00
2003-10-29, 08:10:00.000, 302, 49.00, 88.00, 4.00, -149.00
2003-10-29, 08:11:00.000, 302, 47.00, 86.00, 6.00, -149.00
2003-10-29, 08:12:00.000, 302, 49.00, 80.00, 6.00, -147.00
2003-10-29, 08:13:00.000, 302, 50.00, 82.00, 5.00, -145.00
2003-10-29, 08:14:00.000, 302, 52.00, 78.00, 5.00, -147.00
2003-10-29, 08:15:00.000, 302, 49.00, 88.00, 5.00, -149.00
2003-10-29, 08:16:00.000, 302, 49.00, 87.00, 5.00, -147.00
2003-10-29, 08:17:00.000, 302, 46.00, 88.00, 4.00, -148.00
2003-10-29, 08:18:00.000, 302, 43.00, 92.00, 3.00, -144.00
2003-10-29, 08:19:00.000, 302, 45.00, 92.00, 3.00, -148.00
2003-10-29, 08:20:00.000, 302, 38.00, 83.00, 4.00, -153.00
2003-10-29, 08:21:00.000, 302, 33.00, 94.00, 6.00, -153.00
2003-10-29, 08:22:00.000, 302, 34.00, 86.00, 5.00, -151.00
2003-10-29, 08:23:00.000, 302, 27.00, 84.00, 6.00, -152.00
2003-10-29, 08:24:00.000, 302, 27.00, 89.00, 5.00, -151.00
2003-10-29, 08:25:00.000, 302, 24.00, 86.00, 4.00, -150.00
2003-10-29, 08:26:00.000, 302, 22.00, 90.00, 3.00, -151.00
2003-10-29, 08:27:00.000, 302, 27.00, 91.00, 4.00, -151.00
2003-10-29, 08:28:00.000, 302, 24.00, 87.00, 3.00, -151.00
2003-10-29, 08:29:00.000, 302, 29.00, 86.00, 2.00, -154.00
2003-10-29, 08:30:00.000, 302, 27.00, 85.00, -1.00, -151.00
2003-10-29, 08:31:00.000, 302, 32.00, 85.00, -2.00, -156.00
2003-10-29, 08:32:00.000, 302, 28.00, 85.00, -3.00, -155.00
2003-10-29, 08:33:00.000, 302, 30.00, 88.00, -5.00, -154.00
2003-10-29, 08:34:00.000, 302, 30.00, 91.00, -7.00, -156.00
2003-10-29, 08:35:00.000, 302, 36.00, 97.00, -8.00, -158.00
2003-10-29, 08:36:00.000, 302, 41.00, 105.00, 10.00, -157.00
2003-10-29, 08:37:00.000, 302, 46.00, 118.00, 12.00, -159.00
2003-10-29, 08:38:00.000, 302, 48.00, 134.00, 15.00, -160.00
2003-10-29, 08:39:00.000, 302, 53.00, 130.00, 15.00, -160.00
2003-10-29, 08:40:00.000, 302, 60.00, 133.00, 14.00, -163.00
2003-10-29, 08:41:00.000, 302, 66.00, 140.00, 15.00, -164.00
2003-10-29, 08:42:00.000, 302, 72.00, 146.00, 15.00, -164.00
2003-10-29, 08:43:00.000, 302, 78.00, 147.00, 16.00, -166.00
2003-10-29, 08:44:00.000, 302, 84.00, 146.00, 18.00, -166.00
2003-10-29, 08:45:00.000, 302, 85.00, 150.00, 17.00, -165.00
2003-10-29, 08:46:00.000, 302, 97.00, 163.00, 19.00, -164.00
2003-10-29, 08:47:00.000, 302, 104.00, 170.00, 20.00, -167.00
2003-10-29, 08:48:00.000, 302, 110.00, 174.00, 22.00, -170.00
2003-10-29, 08:49:00.000, 302, 109.00, 179.00, 25.00, -172.00
2003-10-29, 08:50:00.000, 302, 117.00, 184.00, 26.00, -173.00
2003-10-29, 08:51:00.000, 302, 126.00, 183.00, 30.00, -177.00
2003-10-29, 08:52:00.000, 302, 127.00, 206.00, 31.00, -181.00
2003-10-29, 08:53:00.000, 302, 124.00, 178.00, 28.00, -192.00
2003-10-29, 08:54:00.000, 302, 118.00, 176.00, 25.00, -199.00
2003-10-29, 08:55:00.000, 302, 128.00, 230.00, 30.00, -187.00
2003-10-29, 08:56:00.000, 302, 128.00, 179.00, 25.00, -202.00
2003-10-29, 08:57:00.000, 302, 88.00, 97.00, 14.00, -223.00
2003-10-29, 08:58:00.000, 302, 90.00, 126.00, 13.00, -217.00
2003-10-29, 08:59:00.000, 302, 107.00, 137.00, 17.00, -211.00
2003-10-29, 09:00:00.000, 302, 110.00, 152.00, 18.00, -212.00
2003-10-29, 09:01:00.000, 302, 100.00, 168.00, 15.00, -214.00
2003-10-29, 09:02:00.000, 302, 95.00, 162.00, 13.00, -212.00
2003-10-29, 09:03:00.000, 302, 90.00, 146.00, 12.00, -211.00
2003-10-29, 09:04:00.000, 302, 86.00, 141.00, -9.00, -213.00
2003-10-29, 09:05:00.000, 302, 86.00, 145.00, -9.00, -211.00
2003-10-29, 09:06:00.000, 302, 87.00, 142.00, 10.00, -207.00
2003-10-29, 09:07:00.000, 302, 84.00, 131.00, 10.00, -205.00
2003-10-29, 09:08:00.000, 302, 82.00, 114.00, -8.00, -204.00
2003-10-29, 09:09:00.000, 302, 87.00, 107.00, 11.00, -196.00
2003-10-29, 09:10:00.000, 302, 86.00, 98.00, 11.00, -192.00
2003-10-29, 09:11:00.000, 302, 84.00, 91.00, 12.00, -190.00
2003-10-29, 09:12:00.000, 302, 89.00, 93.00, 14.00, -186.00
2003-10-29, 09:13:00.000, 302, 86.00, 103.00, 16.00, -181.00
2003-10-29, 09:14:00.000, 302, 78.00, 86.00, 16.00, -185.00
2003-10-29, 09:15:00.000, 302, 78.00, 85.00, 15.00, -189.00
2003-10-29, 09:16:00.000, 302, 83.00, 84.00, 15.00, -182.00
2003-10-29, 09:17:00.000, 302, 76.00, 86.00, 16.00, -180.00
2003-10-29, 09:18:00.000, 302, 72.00, 86.00, 14.00, -185.00
2003-10-29, 09:19:00.000, 302, 73.00, 82.00, 13.00, -186.00
2003-10-29, 09:20:00.000, 302, 71.00, 76.00, 13.00, -183.00
2003-10-29, 09:21:00.000, 302, 68.00, 75.00, 13.00, -180.00
2003-10-29, 09:22:00.000, 302, 65.00, 72.00, 10.00, -179.00
2003-10-29, 09:23:00.000, 302, 63.00, 73.00, 10.00, -177.00
2003-10-29, 09:24:00.000, 302, 64.00, 75.00, 10.00, -174.00
2003-10-29, 09:25:00.000, 302, 66.00, 74.00, 11.00, -172.00
2003-10-29, 09:26:00.000, 302, 65.00, 75.00, 11.00, -173.00
2003-10-29, 09:27:00.000, 302, 69.00, 77.00, 11.00, -173.00
2003-10-29, 09:28:00.000, 302, 69.00, 73.00, 11.00, -175.00
2003-10-29, 09:29:00.000, 302, 70.00, 81.00, 10.00, -173.00
2003-10-29, 09:30:00.000, 302, 67.00, 77.00, 11.00, -170.00
2003-10-29, 09:31:00.000, 302, 73.00, 74.00, 12.00, -176.00
2003-10-29, 09:32:00.000, 302, 71.00, 88.00, 10.00, -176.00
2003-10-29, 09:33:00.000, 302, 77.00, 80.00, 11.00, -175.00
2003-10-29, 09:34:00.000, 302, 79.00, 78.00, 11.00, -175.00
2003-10-29, 09:35:00.000, 302, 79.00, 82.00, 10.00, -173.00
2003-10-29, 09:36:00.000, 302, 77.00, 66.00, -9.00, -182.00
2003-10-29, 09:37:00.000, 302, 74.00, 84.00, -9.00, -183.00
2003-10-29, 09:38:00.000, 302, 73.00, 84.00, -8.00, -177.00
2003-10-29, 09:39:00.000, 302, 71.00, 80.00, -8.00, -177.00
2003-10-29, 09:40:00.000, 302, 68.00, 75.00, -8.00, -182.00
2003-10-29, 09:41:00.000, 302, 66.00, 76.00, -7.00, -187.00
2003-10-29, 09:42:00.000, 302, 69.00, 76.00, -8.00, -191.00
2003-10-29, 09:43:00.000, 302, 66.00, 73.00, -8.00, -193.00
2003-10-29, 09:44:00.000, 302, 63.00, 65.00, -7.00, -196.00
2003-10-29, 09:45:00.000, 302, 65.00, 70.00, -7.00, -194.00
2003-10-29, 09:46:00.000, 302, 66.00, 72.00, -9.00, -190.00
2003-10-29, 09:47:00.000, 302, 61.00, 71.00, -9.00, -190.00
2003-10-29, 09:48:00.000, 302, 56.00, 65.00, -9.00, -193.00
2003-10-29, 09:49:00.000, 302, 53.00, 65.00, -8.00, -192.00
2003-10-29, 09:50:00.000, 302, 54.00, 68.00, -9.00, -190.00
2003-10-29, 09:51:00.000, 302, 54.00, 74.00, -9.00, -185.00
2003-10-29, 09:52:00.000, 302, 48.00, 62.00, -9.00, -184.00
2003-10-29, 09:53:00.000, 302, 54.00, 66.00, 10.00, -176.00
2003-10-29, 09:54:00.000, 302, 52.00, 105.00, 13.00, -161.00
2003-10-29, 09:55:00.000, 302, 57.00, 61.00, 10.00, -151.00
2003-10-29, 09:56:00.000, 302, 88.00, 63.00, 11.00, -161.00
2003-10-29, 09:57:00.000, 302, 69.00, 49.00, -6.00, -172.00
2003-10-29, 09:58:00.000, 302, 66.00, 68.00, -6.00, -169.00
2003-10-29, 09:59:00.000, 302, 60.00, 54.00, -6.00, -164.00
2003-10-29, 10:00:00.000, 302, 70.00, 45.00, -7.00, -164.00
2003-10-29, 10:01:00.000, 302, 59.00, 50.00, -7.00, -164.00
2003-10-29, 10:02:00.000, 302, 56.00, 50.00, -8.00, -164.00
2003-10-29, 10:03:00.000, 302, 55.00, 41.00, -9.00, -165.00
2003-10-29, 10:04:00.000, 302, 50.00, 45.00, -9.00, -163.00
2003-10-29, 10:05:00.000, 302, 49.00, 43.00, 11.00, -165.00
2003-10-29, 10:06:00.000, 302, 45.00, 34.00, -9.00, -165.00
2003-10-29, 10:07:00.000, 302, 53.00, 38.00, 10.00, -163.00
2003-10-29, 10:08:00.000, 302, 48.00, 40.00, -9.00, -165.00
2003-10-29, 10:09:00.000, 302, 54.00, 36.00, -8.00, -167.00
2003-10-29, 10:10:00.000, 302, 49.00, 47.00, -9.00, -166.00
2003-10-29, 10:11:00.000, 302, 41.00, 57.00, -7.00, -163.00
2003-10-29, 10:12:00.000, 302, 45.00, 52.00, -8.00, -163.00
2003-10-29, 10:13:00.000, 302, 41.00, 54.00, -8.00, -163.00
2003-10-29, 10:14:00.000, 302, 47.00, 55.00, -9.00, -163.00
2003-10-29, 10:15:00.000, 302, 45.00, 71.00, -8.00, -151.00
2003-10-29, 10:16:00.000, 302, 43.00, 57.00, 10.00, -150.00
2003-10-29, 10:17:00.000, 302, 47.00, 44.00, -9.00, -160.00
2003-10-29, 10:18:00.000, 302, 43.00, 42.00, -6.00, -164.00
2003-10-29, 10:19:00.000, 302, 48.00, 37.00, -5.00, -162.00
2003-10-29, 10:20:00.000, 302, 58.00, 39.00, -8.00, -155.00
2003-10-29, 10:21:00.000, 302, 59.00, 35.00, -7.00, -152.00
2003-10-29, 10:22:00.000, 302, 71.00, 49.00, -8.00, -149.00
2003-10-29, 10:23:00.000, 302, 88.00, 68.00, -9.00, -142.00
2003-10-29, 10:24:00.000, 302, 107.00, 94.00, 12.00, -154.00
2003-10-29, 10:25:00.000, 302, 85.00, 49.00, -9.00, -173.00
2003-10-29, 10:26:00.000, 302, 67.00, 33.00, -5.00, -201.00
2003-10-29, 10:27:00.000, 302, 60.00, 39.00, -5.00, -199.00
2003-10-29, 10:28:00.000, 302, 50.00, 46.00, -6.00, -192.00
2003-10-29, 10:29:00.000, 302, 51.00, 37.00, -8.00, -190.00
2003-10-29, 10:30:00.000, 302, 49.00, 44.00, -8.00, -193.00
2003-10-29, 10:31:00.000, 302, 34.00, 55.00, -6.00, -195.00
2003-10-29, 10:32:00.000, 302, 33.00, 57.00, -7.00, -194.00
2003-10-29, 10:33:00.000, 302, 34.00, 63.00, -8.00, -196.00
2003-10-29, 10:34:00.000, 302, 38.00, 84.00, -9.00, -195.00
2003-10-29, 10:35:00.000, 302, 44.00, 104.00, 12.00, -193.00
2003-10-29, 10:36:00.000, 302, 45.00, 103.00, 12.00, -191.00
2003-10-29, 10:37:00.000, 302, 50.00, 112.00, 13.00, -191.00
2003-10-29, 10:38:00.000, 302, 63.00, 119.00, 12.00, -187.00
2003-10-29, 10:39:00.000, 302, 66.00, 94.00, 12.00, -191.00
2003-10-29, 10:40:00.000, 302, 86.00, 96.00, 11.00, -189.00
2003-10-29, 10:41:00.000, 302, 86.00, 94.00, 11.00, -184.00
2003-10-29, 10:42:00.000, 302, 86.00, 113.00, 12.00, -178.00
2003-10-29, 10:43:00.000, 302, 75.00, 101.00, 13.00, -181.00
2003-10-29, 10:44:00.000, 302, 85.00, 104.00, 11.00, -174.00
2003-10-29, 10:45:00.000, 302, 68.00, 96.00, 12.00, -175.00
2003-10-29, 10:46:00.000, 302, 84.00, 98.00, 11.00, -172.00
2003-10-29, 10:47:00.000, 302, 66.00, 99.00, 13.00, -176.00
2003-10-29, 10:48:00.000, 302, 76.00, 83.00, 12.00, -171.00
2003-10-29, 10:49:00.000, 302, 72.00, 96.00, 12.00, -163.00
2003-10-29, 10:50:00.000, 302, 58.00, 67.00, 14.00, -173.00
2003-10-29, 10:51:00.000, 302, 60.00, 64.00, 11.00, -176.00
2003-10-29, 10:52:00.000, 302, 73.00, 79.00, 10.00, -174.00
2003-10-29, 10:53:00.000, 302, 65.00, 86.00, 11.00, -176.00
2003-10-29, 10:54:00.000, 302, 77.00, 87.00, 12.00, -175.00
2003-10-29, 10:55:00.000, 302, 81.00, 84.00, 11.00, -170.00
2003-10-29, 10:56:00.000, 302, 74.00, 99.00, 14.00, -169.00
2003-10-29, 10:57:00.000, 302, 84.00, 82.00, 11.00, -165.00
2003-10-29, 10:58:00.000, 302, 69.00, 82.00, 13.00, -162.00
2003-10-29, 10:59:00.000, 302, 81.00, 100.00, 13.00, -164.00
2003-10-29, 11:00:00.000, 302, 77.00, 93.00, 10.00, -158.00
2003-10-29, 11:01:00.000, 302, 70.00, 89.00, 10.00, -162.00
2003-10-29, 11:02:00.000, 302, 80.00, 100.00, -8.00, -153.00
2003-10-29, 11:03:00.000, 302, 59.00, 90.00, -9.00, -160.00
2003-10-29, 11:04:00.000, 302, 77.00, 99.00, -7.00, -157.00
2003-10-29, 11:05:00.000, 302, 64.00, 99.00, -6.00, -154.00
2003-10-29, 11:06:00.000, 302, 55.00, 85.00, -7.00, -167.00
2003-10-29, 11:07:00.000, 302, 75.00, 99.00, -3.00, -159.00
2003-10-29, 11:08:00.000, 302, 58.00, 109.00, -4.00, -159.00
2003-10-29, 11:09:00.000, 302, 64.00, 109.00, -4.00, -158.00
2003-10-29, 11:10:00.000, 302, 64.00, 108.00, -2.00, -162.00
2003-10-29, 11:11:00.000, 302, 63.00, 112.00, -3.00, -157.00
2003-10-29, 11:12:00.000, 302, 53.00, 108.00, -3.00, -156.00
2003-10-29, 11:13:00.000, 302, 57.00, 105.00, -3.00, -159.00
2003-10-29, 11:14:00.000, 302, 59.00, 106.00, -3.00, -157.00
2003-10-29, 11:15:00.000, 302, 55.00, 107.00, -4.00, -154.00
2003-10-29, 11:16:00.000, 302, 48.00, 99.00, -4.00, -156.00
2003-10-29, 11:17:00.000, 302, 50.00, 95.00, -5.00, -157.00
2003-10-29, 11:18:00.000, 302, 57.00, 93.00, -5.00, -156.00
2003-10-29, 11:19:00.000, 302, 46.00, 85.00, -6.00, -162.00
2003-10-29, 11:20:00.000, 302, 70.00, 90.00, -4.00, -159.00
2003-10-29, 11:21:00.000, 302, 65.00, 90.00, -3.00, -164.00
2003-10-29, 11:22:00.000, 302, 66.00, 82.00, -4.00, -167.00
2003-10-29, 11:23:00.000, 302, 75.00, 80.00, -2.00, -163.00
2003-10-29, 11:24:00.000, 302, 67.00, 76.00, -2.00, -167.00
2003-10-29, 11:25:00.000, 302, 53.00, 62.00, -5.00, -179.00
2003-10-29, 11:26:00.000, 302, 84.00, 73.00, -1.00, -169.00
2003-10-29, 11:27:00.000, 302, 58.00, 64.00, -2.00, -169.00
2003-10-29, 11:28:00.000, 302, 51.00, 88.00, 5.00, -182.00
2003-10-29, 11:29:00.000, 302, 57.00, 63.00, -1.00, -207.00
2003-10-29, 11:30:00.000, 302, 73.00, 106.00, 2.00, -196.00
2003-10-29, 11:31:00.000, 302, 63.00, 94.00, 2.00, -181.00
2003-10-29, 11:32:00.000, 302, 42.00, 41.00, -4.00, -186.00
2003-10-29, 11:33:00.000, 302, 52.00, 71.00, 0.00, -190.00
2003-10-29, 11:34:00.000, 302, 73.00, 77.00, 2.00, -190.00
2003-10-29, 11:35:00.000, 302, 79.00, 65.00, 2.00, -184.00
2003-10-29, 11:36:00.000, 302, 69.00, 57.00, 0.00, -183.00
2003-10-29, 11:37:00.000, 302, 63.00, 49.00, 0.00, -181.00
2003-10-29, 11:38:00.000, 302, 74.00, 51.00, 0.00, -176.00
2003-10-29, 11:39:00.000, 302, 86.00, 56.00, 0.00, -175.00
2003-10-29, 11:40:00.000, 302, 89.00, 46.00, 0.00, -175.00
2003-10-29, 11:41:00.000, 302, 88.00, 35.00, 0.00, -179.00
2003-10-29, 11:42:00.000, 302, 95.00, 41.00, 2.00, -178.00
2003-10-29, 11:43:00.000, 302, 100.00, 52.00, 3.00, -174.00
2003-10-29, 11:44:00.000, 302, 94.00, 58.00, 3.00, -173.00
2003-10-29, 11:45:00.000, 302, 85.00, 44.00, 3.00, -173.00
2003-10-29, 11:46:00.000, 302, 84.00, 47.00, 5.00, -176.00
2003-10-29, 11:47:00.000, 302, 92.00, 46.00, 5.00, -174.00
2003-10-29, 11:48:00.000, 302, 101.00, 48.00, 6.00, -173.00
2003-10-29, 11:49:00.000, 302, 102.00, 50.00, 6.00, -171.00
2003-10-29, 11:50:00.000, 302, 99.00, 51.00, 6.00, -169.00
2003-10-29, 11:51:00.000, 302, 102.00, 52.00, 7.00, -166.00
2003-10-29, 11:52:00.000, 302, 109.00, 58.00, 7.00, -160.00
2003-10-29, 11:53:00.000, 302, 108.00, 58.00, 7.00, -158.00
2003-10-29, 11:54:00.000, 302, 107.00, 57.00, 7.00, -159.00
2003-10-29, 11:55:00.000, 302, 105.00, 57.00, 7.00, -160.00
2003-10-29, 11:56:00.000, 302, 104.00, 61.00, 9.00, -160.00
2003-10-29, 11:57:00.000, 302, 103.00, 64.00, 9.00, -160.00
2003-10-29, 11:58:00.000, 302, 101.00, 70.00, 9.00, -156.00
2003-10-29, 11:59:00.000, 302, 102.00, 73.00, 9.00, -146.00
2003-10-29, 12:00:00.000, 302, 101.00, 77.00, 10.00, -139.00
2003-10-29, 12:01:00.000, 302, 102.00, 82.00, 9.00, -140.00
2003-10-29, 12:02:00.000, 302, 103.00, 84.00, 7.00, -145.00
2003-10-29, 12:03:00.000, 302, 100.00, 78.00, 10.00, -137.00
2003-10-29, 12:04:00.000, 302, 101.00, 78.00, 10.00, -132.00
2003-10-29, 12:05:00.000, 302, 101.00, 86.00, 8.00, -138.00
2003-10-29, 12:06:00.000, 302, 97.00, 92.00, 7.00, -134.00
2003-10-29, 12:07:00.000, 302, 94.00, 83.00, 11.00, -122.00
2003-10-29, 12:08:00.000, 302, 101.00, 95.00, 8.00, -138.00
2003-10-29, 12:09:00.000, 302, 93.00, 89.00, 7.00, -140.00
2003-10-29, 12:10:00.000, 302, 83.00, 88.00, 9.00, -130.00
2003-10-29, 12:11:00.000, 302, 77.00, 91.00, 8.00, -130.00
2003-10-29, 12:12:00.000, 302, 74.00, 93.00, 6.00, -129.00
2003-10-29, 12:13:00.000, 302, 68.00, 96.00, 5.00, -131.00
2003-10-29, 12:14:00.000, 302, 70.00, 91.00, 6.00, -128.00
2003-10-29, 12:15:00.000, 302, 63.00, 91.00, 4.00, -127.00
2003-10-29, 12:16:00.000, 302, 64.00, 93.00, 4.00, -127.00
2003-10-29, 12:17:00.000, 302, 68.00, 93.00, 4.00, -120.00
2003-10-29, 12:18:00.000, 302, 76.00, 98.00, 2.00, -124.00
2003-10-29, 12:19:00.000, 302, 73.00, 95.00, 0.00, -130.00
2003-10-29, 12:20:00.000, 302, 62.00, 88.00, 0.00, -127.00
2003-10-29, 12:21:00.000, 302, 56.00, 90.00, 1.00, -122.00
2003-10-29, 12:22:00.000, 302, 67.00, 99.00, 0.00, -122.00
2003-10-29, 12:23:00.000, 302, 64.00, 100.00, -3.00, -118.00
2003-10-29, 12:24:00.000, 302, 66.00, 96.00, -1.00, -122.00
2003-10-29, 12:25:00.000, 302, 59.00, 89.00, -1.00, -119.00
2003-10-29, 12:26:00.000, 302, 57.00, 91.00, 0.00, -116.00
2003-10-29, 12:27:00.000, 302, 61.00, 92.00, -1.00, -124.00
2003-10-29, 12:28:00.000, 302, 55.00, 89.00, -3.00, -126.00
2003-10-29, 12:29:00.000, 302, 42.00, 78.00, 3.00, -111.00
2003-10-29, 12:30:00.000, 302, 51.00, 86.00, 3.00, -115.00
2003-10-29, 12:31:00.000, 302, 63.00, 93.00, -2.00, -125.00
2003-10-29, 12:32:00.000, 302, 54.00, 78.00, 2.00, -118.00
2003-10-29, 12:33:00.000, 302, 46.00, 72.00, 5.00, -116.00
2003-10-29, 12:34:00.000, 302, 45.00, 76.00, 3.00, -119.00
2003-10-29, 12:35:00.000, 302, 50.00, 74.00, 3.00, -117.00
2003-10-29, 12:36:00.000, 302, 58.00, 71.00, 4.00, -117.00
2003-10-29, 12:37:00.000, 302, 55.00, 66.00, 3.00, -117.00
2003-10-29, 12:38:00.000, 302, 62.00, 64.00, 6.00, -115.00
2003-10-29, 12:39:00.000, 302, 59.00, 70.00, 6.00, -115.00
2003-10-29, 12:40:00.000, 302, 51.00, 72.00, 5.00, -114.00
2003-10-29, 12:41:00.000, 302, 58.00, 65.00, 5.00, -113.00
2003-10-29, 12:42:00.000, 302, 70.00, 54.00, 7.00, -114.00
2003-10-29, 12:43:00.000, 302, 71.00, 56.00, 6.00, -120.00
2003-10-29, 12:44:00.000, 302, 62.00, 59.00, 5.00, -121.00
2003-10-29, 12:45:00.000, 302, 59.00, 79.00, 6.00, -115.00
2003-10-29, 12:46:00.000, 302, 64.00, 53.00, 7.00, -121.00
2003-10-29, 12:47:00.000, 302, 64.00, 51.00, 6.00, -125.00
2003-10-29, 12:48:00.000, 302, 60.00, 66.00, 6.00, -119.00
2003-10-29, 12:49:00.000, 302, 54.00, 53.00, 6.00, -115.00
2003-10-29, 12:50:00.000, 302, 49.00, 56.00, 3.00, -113.00
2003-10-29, 12:51:00.000, 302, 57.00, 67.00, 9.00, -96.00
2003-10-29, 12:52:00.000, 302, 60.00, 59.00, 8.00, -103.00
2003-10-29, 12:53:00.000, 302, 42.00, 64.00, 3.00, -104.00
2003-10-29, 12:54:00.000, 302, 50.00, 59.00, 6.00, -97.00
2003-10-29, 12:55:00.000, 302, 52.00, 55.00, 5.00, -100.00
2003-10-29, 12:56:00.000, 302, 50.00, 51.00, 7.00, -95.00
2003-10-29, 12:57:00.000, 302, 47.00, 54.00, 7.00, -96.00
2003-10-29, 12:58:00.000, 302, 47.00, 57.00, 6.00, -94.00
2003-10-29, 12:59:00.000, 302, 48.00, 53.00, 9.00, -87.00
2003-10-29, 13:00:00.000, 302, 52.00, 52.00, 10.00, -91.00
2003-10-29, 13:01:00.000, 302, 46.00, 54.00, 8.00, -92.00
2003-10-29, 13:02:00.000, 302, 47.00, 55.00, 6.00, -93.00
2003-10-29, 13:03:00.000, 302, 59.00, 49.00, 9.00, -95.00
2003-10-29, 13:04:00.000, 302, 55.00, 45.00, 9.00, -94.00
2003-10-29, 13:05:00.000, 302, 50.00, 50.00, 7.00, -98.00
2003-10-29, 13:06:00.000, 302, 57.00, 47.00, 8.00, -97.00
2003-10-29, 13:07:00.000, 302, 57.00, 46.00, 7.00, -91.00
2003-10-29, 13:08:00.000, 302, 51.00, 43.00, 8.00, -94.00
2003-10-29, 13:09:00.000, 302, 56.00, 45.00, 6.00, -101.00
2003-10-29, 13:10:00.000, 302, 60.00, 62.00, 8.00, -87.00
2003-10-29, 13:11:00.000, 302, 54.00, 46.00, 9.00, -85.00
2003-10-29, 13:12:00.000, 302, 48.00, 48.00, 5.00, -76.00
2003-10-29, 13:13:00.000, 302, 53.00, 53.00, 7.00, -86.00
2003-10-29, 13:14:00.000, 302, 62.00, 44.00, 4.00, -81.00
2003-10-29, 13:15:00.000, 302, 58.00, 43.00, 10.00, -67.00
2003-10-29, 13:16:00.000, 302, 52.00, 47.00, 7.00, -77.00
2003-10-29, 13:17:00.000, 302, 55.00, 46.00, 2.00, -81.00
2003-10-29, 13:18:00.000, 302, 61.00, 42.00, 7.00, -73.00
2003-10-29, 13:19:00.000, 302, 61.00, 46.00, 9.00, -64.00
2003-10-29, 13:20:00.000, 302, 44.00, 64.00, 8.00, -67.00
2003-10-29, 13:21:00.000, 302, 63.00, 48.00, 6.00, -70.00
2003-10-29, 13:22:00.000, 302, 62.00, 39.00, 10.00, -68.00
2003-10-29, 13:23:00.000, 302, 57.00, 41.00, 12.00, -72.00
2003-10-29, 13:24:00.000, 302, 60.00, 41.00, 8.00, -84.00
2003-10-29, 13:25:00.000, 302, 60.00, 47.00, 11.00, -81.00
2003-10-29, 13:26:00.000, 302, 57.00, 34.00, 5.00, -91.00
2003-10-29, 13:27:00.000, 302, 55.00, 61.00, 10.00, -88.00
2003-10-29, 13:28:00.000, 302, 66.00, 39.00, 14.00, -87.00
2003-10-29, 13:29:00.000, 302, 64.00, 81.00, 12.00, -86.00
2003-10-29, 13:30:00.000, 302, 39.00, 44.00, 10.00, -88.00
2003-10-29, 13:31:00.000, 302, 47.00, 45.00, 8.00, -82.00
2003-10-29, 13:32:00.000, 302, 53.00, 47.00, 12.00, -83.00
2003-10-29, 13:33:00.000, 302, 53.00, 59.00, 13.00, -85.00
2003-10-29, 13:34:00.000, 302, 40.00, 39.00, 9.00, -86.00
2003-10-29, 13:35:00.000, 302, 49.00, 52.00, 10.00, -93.00
2003-10-29, 13:36:00.000, 302, 51.00, 38.00, 9.00, -90.00
2003-10-29, 13:37:00.000, 302, 43.00, 36.00, 10.00, -89.00
2003-10-29, 13:38:00.000, 302, 39.00, 33.00, 9.00, -89.00
2003-10-29, 13:39:00.000, 302, 35.00, 45.00, 8.00, -86.00
2003-10-29, 13:40:00.000, 302, 40.00, 38.00, 11.00, -88.00
2003-10-29, 13:41:00.000, 302, 37.00, 35.00, 9.00, -86.00
2003-10-29, 13:42:00.000, 302, 29.00, 44.00, 9.00, -85.00
2003-10-29, 13:43:00.000, 302, 36.00, 27.00, 10.00, -90.00
2003-10-29, 13:44:00.000, 302, 39.00, 42.00, 7.00, -87.00
2003-10-29, 13:45:00.000, 302, 29.00, 64.00, 12.00, -81.00
2003-10-29, 13:46:00.000, 302, 41.00, 27.00, 8.00, -86.00
2003-10-29, 13:47:00.000, 302, 30.00, 48.00, 7.00, -75.00
2003-10-29, 13:48:00.000, 302, 34.00, 24.00, 8.00, -82.00
2003-10-29, 13:49:00.000, 302, 40.00, 36.00, 8.00, -78.00
2003-10-29, 13:50:00.000, 302, 35.00, 34.00, 10.00, -79.00
2003-10-29, 13:51:00.000, 302, 37.00, 38.00, 8.00, -77.00
2003-10-29, 13:52:00.000, 302, 31.00, 27.00, 7.00, -86.00
2003-10-29, 13:53:00.000, 302, 33.00, 35.00, 7.00, -83.00
2003-10-29, 13:54:00.000, 302, 37.00, 25.00, 8.00, -85.00
2003-10-29, 13:55:00.000, 302, 38.00, 17.00, 7.00, -81.00
2003-10-29, 13:56:00.000, 302, 34.00, 41.00, 9.00, -81.00
2003-10-29, 13:57:00.000, 302, 47.00, 41.00, 10.00, -86.00
2003-10-29, 13:58:00.000, 302, 41.00, 46.00, 6.00, -98.00
2003-10-29, 13:59:00.000, 302, 56.00, 124.00, 5.00, -106.00
2003-10-29, 14:00:00.000, 302, 60.00, 133.00, 10.00, -109.00
2003-10-29, 14:01:00.000, 302, 51.00, 116.00, 8.00, -116.00
2003-10-29, 14:02:00.000, 302, 63.00, 145.00, 7.00, -120.00
2003-10-29, 14:03:00.000, 302, 53.00, 132.00, 7.00, -127.00
2003-10-29, 14:04:00.000, 302, 45.00, 111.00, 7.00, -128.00
2003-10-29, 14:05:00.000, 302, 35.00, 126.00, 6.00, -124.00
2003-10-29, 14:06:00.000, 302, 31.00, 125.00, 5.00, -124.00
2003-10-29, 14:07:00.000, 302, 31.00, 110.00, 5.00, -126.00
2003-10-29, 14:08:00.000, 302, 28.00, 120.00, 4.00, -125.00
2003-10-29, 14:09:00.000, 302, 27.00, 121.00, 5.00, -121.00
2003-10-29, 14:10:00.000, 302, 31.00, 105.00, 7.00, -120.00
2003-10-29, 14:11:00.000, 302, 22.00, 103.00, 7.00, -118.00
2003-10-29, 14:12:00.000, 302, 26.00, 108.00, 8.00, -116.00
2003-10-29, 14:13:00.000, 302, 36.00, 96.00, 9.00, -113.00
2003-10-29, 14:14:00.000, 302, 25.00, 86.00, 8.00, -113.00
2003-10-29, 14:15:00.000, 302, 32.00, 98.00, 8.00, -109.00
2003-10-29, 14:16:00.000, 302, 48.00, 89.00, 12.00, -104.00
2003-10-29, 14:17:00.000, 302, 30.00, 77.00, 11.00, -102.00
2003-10-29, 14:18:00.000, 302, 48.00, 77.00, 12.00, -93.00
2003-10-29, 14:19:00.000, 302, 65.00, 65.00, 16.00, -85.00
2003-10-29, 14:20:00.000, 302, 53.00, 44.00, 17.00, -82.00
2003-10-29, 14:21:00.000, 302, 37.00, 26.00, 11.00, -86.00
2003-10-29, 14:22:00.000, 302, 31.00, 48.00, 9.00, -95.00
2003-10-29, 14:23:00.000, 302, 34.00, 117.00, 10.00, -91.00
2003-10-29, 14:24:00.000, 302, 38.00, 73.00, 14.00, -99.00
2003-10-29, 14:25:00.000, 302, 47.00, 94.00, 5.00, -134.00
2003-10-29, 14:26:00.000, 302, 70.00, 165.00, -2.00, -143.00
2003-10-29, 14:27:00.000, 302, 85.00, 202.00, 2.00, -133.00
2003-10-29, 14:28:00.000, 302, 37.00, 231.00, 12.00, -121.00
2003-10-29, 14:29:00.000, 302, 22.00, 160.00, 9.00, -126.00
2003-10-29, 14:30:00.000, 302, 24.00, 135.00, 7.00, -127.00
2003-10-29, 14:31:00.000, 302, 26.00, 110.00, 9.00, -124.00
2003-10-29, 14:32:00.000, 302, 28.00, 93.00, 12.00, -121.00
2003-10-29, 14:33:00.000, 302, 32.00, 73.00, 12.00, -120.00
2003-10-29, 14:34:00.000, 302, 34.00, 97.00, 12.00, -109.00
2003-10-29, 14:35:00.000, 302, 47.00, 115.00, 18.00, -103.00
2003-10-29, 14:36:00.000, 302, 37.00, 95.00, 20.00, -103.00
2003-10-29, 14:37:00.000, 302, 43.00, 77.00, 20.00, -101.00
2003-10-29, 14:38:00.000, 302, 59.00, 93.00, 19.00, -99.00
2003-10-29, 14:39:00.000, 302, 54.00, 102.00, 22.00, -96.00
2003-10-29, 14:40:00.000, 302, 61.00, 100.00, 23.00, -96.00
2003-10-29, 14:41:00.000, 302, 85.00, 121.00, 22.00, -101.00
2003-10-29, 14:42:00.000, 302, 95.00, 129.00, 22.00, -99.00
2003-10-29, 14:43:00.000, 302, 89.00, 122.00, 25.00, -91.00
2003-10-29, 14:44:00.000, 302, 100.00, 121.00, 26.00, -91.00
2003-10-29, 14:45:00.000, 302, 113.00, 119.00, 25.00, -86.00
2003-10-29, 14:46:00.000, 302, 118.00, 112.00, 27.00, -76.00
2003-10-29, 14:47:00.000, 302, 116.00, 109.00, 34.00, -66.00
2003-10-29, 14:48:00.000, 302, 130.00, 121.00, 33.00, -81.00
2003-10-29, 14:49:00.000, 302, 154.00, 173.00, 22.00, -92.00
2003-10-29, 14:50:00.000, 302, 129.00, 145.00, 22.00, -81.00
2003-10-29, 14:51:00.000, 302, 112.00, 124.00, 27.00, -82.00
2003-10-29, 14:52:00.000, 302, 124.00, 135.00, 21.00, -94.00
2003-10-29, 14:53:00.000, 302, 120.00, 120.00, 18.00, -85.00
2003-10-29, 14:54:00.000, 302, 107.00, 103.00, 22.00, -72.00
2003-10-29, 14:55:00.000, 302, 93.00, 86.00, 32.00, -81.00
2003-10-29, 14:56:00.000, 302, 111.00, 247.00, 13.00, -114.00
2003-10-29, 14:57:00.000, 302, 123.00, 128.00, 10.00, -89.00
2003-10-29, 14:58:00.000, 302, 97.00, 104.00, 22.00, -85.00
2003-10-29, 14:59:00.000, 302, 81.00, 148.00, 19.00, -101.00
2003-10-29, 15:00:00.000, 302, 94.00, 118.00, 17.00, -96.00
2003-10-29, 15:01:00.000, 302, 83.00, 104.00, 22.00, -83.00
2003-10-29, 15:02:00.000, 302, 77.00, 86.00, 24.00, -76.00
2003-10-29, 15:03:00.000, 302, 75.00, 90.00, 21.00, -91.00
2003-10-29, 15:04:00.000, 302, 72.00, 91.00, 18.00, -90.00
2003-10-29, 15:05:00.000, 302, 53.00, 80.00, 20.00, -86.00
2003-10-29, 15:06:00.000, 302, 45.00, 68.00, 20.00, -95.00
2003-10-29, 15:07:00.000, 302, 43.00, 71.00, 16.00, -103.00
2003-10-29, 15:08:00.000, 302, 30.00, 67.00, 14.00, -104.00
2003-10-29, 15:09:00.000, 302, 22.00, 72.00, 15.00, -101.00
2003-10-29, 15:10:00.000, 302, 29.00, 70.00, 14.00, -102.00
2003-10-29, 15:11:00.000, 302, 26.00, 77.00, 13.00, -101.00
2003-10-29, 15:12:00.000, 302, 32.00, 67.00, 14.00, -105.00
2003-10-29, 15:13:00.000, 302, 28.00, 78.00, 13.00, -98.00
2003-10-29, 15:14:00.000, 302, 26.00, 79.00, 12.00, -98.00
2003-10-29, 15:15:00.000, 302, 27.00, 72.00, 11.00, -105.00
2003-10-29, 15:16:00.000, 302, 32.00, 65.00, 8.00, -113.00
2003-10-29, 15:17:00.000, 302, 38.00, 64.00, 6.00, -114.00
2003-10-29, 15:18:00.000, 302, 36.00, 55.00, 8.00, -112.00
2003-10-29, 15:19:00.000, 302, 44.00, 74.00, 6.00, -109.00
2003-10-29, 15:20:00.000, 302, 43.00, 100.00, 8.00, -105.00
2003-10-29, 15:21:00.000, 302, 41.00, 93.00, 8.00, -108.00
2003-10-29, 15:22:00.000, 302, 34.00, 67.00, 8.00, -117.00
2003-10-29, 15:23:00.000, 302, 43.00, 47.00, 4.00, -127.00
2003-10-29, 15:24:00.000, 302, 47.00, 50.00, 2.00, -122.00
2003-10-29, 15:25:00.000, 302, 35.00, 95.00, 4.00, -110.00
2003-10-29, 15:26:00.000, 302, 29.00, 89.00, 9.00, -110.00
2003-10-29, 15:27:00.000, 302, 32.00, 63.00, 5.00, -114.00
2003-10-29, 15:28:00.000, 302, 26.00, 45.00, 8.00, -122.00
2003-10-29, 15:29:00.000, 302, 32.00, 48.00, 4.00, -120.00
2003-10-29, 15:30:00.000, 302, 31.00, 78.00, 6.00, -112.00
2003-10-29, 15:31:00.000, 302, 26.00, 83.00, 9.00, -108.00
2003-10-29, 15:32:00.000, 302, 19.00, 46.00, 7.00, -122.00
2003-10-29, 15:33:00.000, 302, 32.00, 38.00, 4.00, -128.00
2003-10-29, 15:34:00.000, 302, 23.00, 74.00, 7.00, -124.00
2003-10-29, 15:35:00.000, 302, 42.00, 47.00, 4.00, -131.00
2003-10-29, 15:36:00.000, 302, 37.00, 52.00, 4.00, -126.00
2003-10-29, 15:37:00.000, 302, 34.00, 55.00, 5.00, -123.00
2003-10-29, 15:38:00.000, 302, 28.00, 71.00, 7.00, -119.00
2003-10-29, 15:39:00.000, 302, 32.00, 60.00, 7.00, -124.00
2003-10-29, 15:40:00.000, 302, 39.00, 48.00, 7.00, -130.00
2003-10-29, 15:41:00.000, 302, 46.00, 50.00, 7.00, -123.00
2003-10-29, 15:42:00.000, 302, 37.00, 91.00, 12.00, -108.00
2003-10-29, 15:43:00.000, 302, 40.00, 80.00, 13.00, -109.00
2003-10-29, 15:44:00.000, 302, 53.00, 30.00, 11.00, -120.00
2003-10-29, 15:45:00.000, 302, 57.00, 35.00, 12.00, -117.00
2003-10-29, 15:46:00.000, 302, 58.00, 54.00, 13.00, -110.00
2003-10-29, 15:47:00.000, 302, 58.00, 72.00, 13.00, -107.00
2003-10-29, 15:48:00.000, 302, 60.00, 53.00, 13.00, -115.00
2003-10-29, 15:49:00.000, 302, 65.00, 71.00, 13.00, -115.00
2003-10-29, 15:50:00.000, 302, 68.00, 88.00, 13.00, -113.00
2003-10-29, 15:51:00.000, 302, 67.00, 86.00, 14.00, -116.00
2003-10-29, 15:52:00.000, 302, 67.00, 92.00, 15.00, -115.00
2003-10-29, 15:53:00.000, 302, 69.00, 94.00, 15.00, -114.00
2003-10-29, 15:54:00.000, 302, 69.00, 96.00, 15.00, -116.00
2003-10-29, 15:55:00.000, 302, 70.00, 101.00, 14.00, -115.00
2003-10-29, 15:56:00.000, 302, 67.00, 107.00, 14.00, -117.00
2003-10-29, 15:57:00.000, 302, 72.00, 95.00, 14.00, -125.00
2003-10-29, 15:58:00.000, 302, 78.00, 89.00, 12.00, -130.00
2003-10-29, 15:59:00.000, 302, 77.00, 99.00, 12.00, -128.00
2003-10-29, 16:00:00.000, 302, 75.00, 130.00, 12.00, -122.00
2003-10-29, 16:01:00.000, 302, 81.00, 118.00, 11.00, -127.00
2003-10-29, 16:02:00.000, 302, 84.00, 108.00, 11.00, -127.00
2003-10-29, 16:03:00.000, 302, 83.00, 114.00, 11.00, -121.00
2003-10-29, 16:04:00.000, 302, 83.00, 117.00, 12.00, -117.00
2003-10-29, 16:05:00.000, 302, 81.00, 129.00, 13.00, -115.00
2003-10-29, 16:06:00.000, 302, 82.00, 129.00, 12.00, -114.00
2003-10-29, 16:07:00.000, 302, 89.00, 121.00, 12.00, -115.00
2003-10-29, 16:08:00.000, 302, 93.00, 129.00, 13.00, -114.00
2003-10-29, 16:09:00.000, 302, 101.00, 127.00, 12.00, -113.00
2003-10-29, 16:10:00.000, 302, 103.00, 131.00, 13.00, -113.00
2003-10-29, 16:11:00.000, 302, 110.00, 131.00, 11.00, -113.00
2003-10-29, 16:12:00.000, 302, 110.00, 138.00, 13.00, -113.00
2003-10-29, 16:13:00.000, 302, 117.00, 138.00, 12.00, -112.00
2003-10-29, 16:14:00.000, 302, 113.00, 130.00, 12.00, -118.00
2003-10-29, 16:15:00.000, 302, 119.00, 143.00, 11.00, -120.00
2003-10-29, 16:16:00.000, 302, 122.00, 152.00, 12.00, -119.00
2003-10-29, 16:17:00.000, 302, 123.00, 161.00, 11.00, -116.00
2003-10-29, 16:18:00.000, 302, 122.00, 161.00, 10.00, -116.00
2003-10-29, 16:19:00.000, 302, 120.00, 162.00, 11.00, -112.00
2003-10-29, 16:20:00.000, 302, 120.00, 167.00, 11.00, -104.00
2003-10-29, 16:21:00.000, 302, 111.00, 183.00, 13.00, -100.00
2003-10-29, 16:22:00.000, 302, 114.00, 167.00, 12.00, -104.00
2003-10-29, 16:23:00.000, 302, 118.00, 163.00, 12.00, -105.00
2003-10-29, 16:24:00.000, 302, 116.00, 161.00, 14.00, -108.00
2003-10-29, 16:25:00.000, 302, 128.00, 138.00, 13.00, -120.00
2003-10-29, 16:26:00.000, 302, 141.00, 158.00, 10.00, -121.00
2003-10-29, 16:27:00.000, 302, 143.00, 167.00, 10.00, -113.00
2003-10-29, 16:28:00.000, 302, 134.00, 185.00, 11.00, -108.00
2003-10-29, 16:29:00.000, 302, 141.00, 163.00, 7.00, -110.00
2003-10-29, 16:30:00.000, 302, 114.00, 204.00, 12.00, -91.00
2003-10-29, 16:31:00.000, 302, 110.00, 122.00, 8.00, -117.00
2003-10-29, 16:32:00.000, 302, 111.00, 116.00, 11.00, -124.00
2003-10-29, 16:33:00.000, 302, 128.00, 120.00, 6.00, -135.00
2003-10-29, 16:34:00.000, 302, 124.00, 121.00, 9.00, -129.00
2003-10-29, 16:35:00.000, 302, 128.00, 127.00, 6.00, -132.00
2003-10-29, 16:36:00.000, 302, 129.00, 122.00, 7.00, -133.00
2003-10-29, 16:37:00.000, 302, 123.00, 137.00, 7.00, -128.00
2003-10-29, 16:38:00.000, 302, 118.00, 133.00, 6.00, -127.00
2003-10-29, 16:39:00.000, 302, 110.00, 113.00, 6.00, -131.00
2003-10-29, 16:40:00.000, 302, 103.00, 114.00, 5.00, -132.00
2003-10-29, 16:41:00.000, 302, 102.00, 130.00, 5.00, -129.00
2003-10-29, 16:42:00.000, 302, 102.00, 141.00, 6.00, -125.00
2003-10-29, 16:43:00.000, 302, 100.00, 109.00, 5.00, -132.00
2003-10-29, 16:44:00.000, 302, 100.00, 107.00, 4.00, -136.00
2003-10-29, 16:45:00.000, 302, 103.00, 120.00, 5.00, -133.00
2003-10-29, 16:46:00.000, 302, 104.00, 100.00, 4.00, -139.00
2003-10-29, 16:47:00.000, 302, 103.00, 112.00, 5.00, -139.00
2003-10-29, 16:48:00.000, 302, 101.00, 109.00, 4.00, -136.00
2003-10-29, 16:49:00.000, 302, 87.00, 127.00, 4.00, -124.00
2003-10-29, 16:50:00.000, 302, 68.00, 140.00, 7.00, -120.00
2003-10-29, 16:51:00.000, 302, 72.00, 64.00, 7.00, -137.00
2003-10-29, 16:52:00.000, 302, 72.00, 56.00, 5.00, -127.00
2003-10-29, 16:53:00.000, 302, 52.00, 84.00, 9.00, -119.00
2003-10-29, 16:54:00.000, 302, 50.00, 52.00, 14.00, -138.00
2003-10-29, 16:55:00.000, 302, 75.00, 80.00, 9.00, -164.00
2003-10-29, 16:56:00.000, 302, 83.00, 46.00, 10.00, -159.00
2003-10-29, 16:57:00.000, 302, 81.00, 38.00, 10.00, -156.00
2003-10-29, 16:58:00.000, 302, 75.00, 39.00, 7.00, -155.00
2003-10-29, 16:59:00.000, 302, 60.00, 79.00, 9.00, -146.00
2003-10-29, 17:00:00.000, 302, 57.00, 82.00, 13.00, -148.00
2003-10-29, 17:01:00.000, 302, 59.00, 43.00, 6.00, -155.00
2003-10-29, 17:02:00.000, 302, 63.00, 84.00, 8.00, -138.00
2003-10-29, 17:03:00.000, 302, 66.00, 140.00, 14.00, -131.00
2003-10-29, 17:04:00.000, 302, 68.00, 59.00, 9.00, -150.00
2003-10-29, 17:05:00.000, 302, 67.00, 69.00, 6.00, -142.00
2003-10-29, 17:06:00.000, 302, 74.00, 137.00, 11.00, -122.00
2003-10-29, 17:07:00.000, 302, 81.00, 123.00, 14.00, -126.00
2003-10-29, 17:08:00.000, 302, 85.00, 109.00, 9.00, -136.00
2003-10-29, 17:09:00.000, 302, 84.00, 114.00, 4.00, -123.00
2003-10-29, 17:10:00.000, 302, 97.00, 161.00, 9.00, -113.00
2003-10-29, 17:11:00.000, 302, 103.00, 126.00, 5.00, -138.00
2003-10-29, 17:12:00.000, 302, 112.00, 114.00, 1.00, -142.00
2003-10-29, 17:13:00.000, 302, 128.00, 109.00, 3.00, -135.00
2003-10-29, 17:14:00.000, 302, 141.00, 103.00, -1.00, -139.00
2003-10-29, 17:15:00.000, 302, 142.00, 101.00, 0.00, -145.00
2003-10-29, 17:16:00.000, 302, 142.00, 103.00, -3.00, -147.00
2003-10-29, 17:17:00.000, 302, 155.00, 117.00, -6.00, -141.00
2003-10-29, 17:18:00.000, 302, 161.00, 126.00, -6.00, -141.00
2003-10-29, 17:19:00.000, 302, 158.00, 120.00, 10.00, -149.00
2003-10-29, 17:20:00.000, 302, 154.00, 131.00, 13.00, -153.00
2003-10-29, 17:21:00.000, 302, 157.00, 143.00, 15.00, -142.00
2003-10-29, 17:22:00.000, 302, 155.00, 142.00, 15.00, -140.00
2003-10-29, 17:23:00.000, 302, 149.00, 144.00, 14.00, -140.00
2003-10-29, 17:24:00.000, 302, 143.00, 143.00, 15.00, -141.00
2003-10-29, 17:25:00.000, 302, 136.00, 148.00, 16.00, -140.00
2003-10-29, 17:26:00.000, 302, 125.00, 143.00, 14.00, -139.00
2003-10-29, 17:27:00.000, 302, 114.00, 136.00, 17.00, -146.00
2003-10-29, 17:28:00.000, 302, 102.00, 138.00, 16.00, -140.00
2003-10-29, 17:29:00.000, 302, 98.00, 134.00, 15.00, -140.00
2003-10-29, 17:30:00.000, 302, 93.00, 122.00, 15.00, -146.00
2003-10-29, 17:31:00.000, 302, 97.00, 130.00, 15.00, -140.00
2003-10-29, 17:32:00.000, 302, 97.00, 130.00, 12.00, -127.00
2003-10-29, 17:33:00.000, 302, 89.00, 110.00, 11.00, -128.00
2003-10-29, 17:34:00.000, 302, 91.00, 103.00, 12.00, -134.00
2003-10-29, 17:35:00.000, 302, 97.00, 109.00, 11.00, -127.00
2003-10-29, 17:36:00.000, 302, 94.00, 99.00, 10.00, -126.00
2003-10-29, 17:37:00.000, 302, 87.00, 86.00, -9.00, -128.00
2003-10-29, 17:38:00.000, 302, 90.00, 82.00, 10.00, -136.00
2003-10-29, 17:39:00.000, 302, 84.00, 79.00, 12.00, -133.00
2003-10-29, 17:40:00.000, 302, 87.00, 79.00, 10.00, -115.00
2003-10-29, 17:41:00.000, 302, 79.00, 101.00, -5.00, -104.00
2003-10-29, 17:42:00.000, 302, 77.00, 64.00, -7.00, -125.00
2003-10-29, 17:43:00.000, 302, 76.00, 68.00, -8.00, -127.00
2003-10-29, 17:44:00.000, 302, 71.00, 71.00, -9.00, -121.00
2003-10-29, 17:45:00.000, 302, 64.00, 58.00, -6.00, -112.00
2003-10-29, 17:46:00.000, 302, 77.00, 54.00, -3.00, -118.00
2003-10-29, 17:47:00.000, 302, 75.00, 102.00, 10.00, -131.00
2003-10-29, 17:48:00.000, 302, 63.00, 56.00, -6.00, -112.00
2003-10-29, 17:49:00.000, 302, 79.00, 51.00, -4.00, -124.00
2003-10-29, 17:50:00.000, 302, 76.00, 89.00, -9.00, -135.00
2003-10-29, 17:51:00.000, 302, 60.00, 43.00, -9.00, -120.00
2003-10-29, 17:52:00.000, 302, 61.00, 64.00, -8.00, -120.00
2003-10-29, 17:53:00.000, 302, 64.00, 78.00, -9.00, -131.00
2003-10-29, 17:54:00.000, 302, 61.00, 86.00, -8.00, -137.00
2003-10-29, 17:55:00.000, 302, 63.00, 99.00, -8.00, -140.00
2003-10-29, 17:56:00.000, 302, 54.00, 94.00, -9.00, -151.00
2003-10-29, 17:57:00.000, 302, 55.00, 92.00, -7.00, -154.00
2003-10-29, 17:58:00.000, 302, 63.00, 86.00, -6.00, -146.00
2003-10-29, 17:59:00.000, 302, 62.00, 97.00, -8.00, -152.00
2003-10-29, 18:00:00.000, 302, 60.00, 61.00, -7.00, -140.00
2003-10-29, 18:01:00.000, 302, 65.00, 85.00, -7.00, -157.00
2003-10-29, 18:02:00.000, 302, 68.00, 91.00, -8.00, -165.00
2003-10-29, 18:03:00.000, 302, 69.00, 63.00, -5.00, -155.00
2003-10-29, 18:04:00.000, 302, 69.00, 89.00, -9.00, -163.00
2003-10-29, 18:05:00.000, 302, 70.00, 83.00, -7.00, -150.00
2003-10-29, 18:06:00.000, 302, 64.00, 73.00, -5.00, -154.00
2003-10-29, 18:07:00.000, 302, 77.00, 92.00, -6.00, -186.00
2003-10-29, 18:08:00.000, 302, 89.00, 96.00, -8.00, -188.00
2003-10-29, 18:09:00.000, 302, 87.00, 101.00, -7.00, -177.00
2003-10-29, 18:10:00.000, 302, 96.00, 100.00, -5.00, -190.00
2003-10-29, 18:11:00.000, 302, 109.00, 98.00, -5.00, -195.00
2003-10-29, 18:12:00.000, 302, 106.00, 101.00, -7.00, -189.00
2003-10-29, 18:13:00.000, 302, 110.00, 102.00, -7.00, -191.00
2003-10-29, 18:14:00.000, 302, 117.00, 99.00, -6.00, -187.00
2003-10-29, 18:15:00.000, 302, 123.00, 95.00, -6.00, -181.00
2003-10-29, 18:16:00.000, 302, 119.00, 104.00, -8.00, -176.00
2003-10-29, 18:17:00.000, 302, 107.00, 108.00, -7.00, -176.00
2003-10-29, 18:18:00.000, 302, 94.00, 152.00, -4.00, -166.00
2003-10-29, 18:19:00.000, 302, 104.00, 73.00, -5.00, -199.00
2003-10-29, 18:20:00.000, 302, 107.00, 78.00, -9.00, -200.00
2003-10-29, 18:21:00.000, 302, 91.00, 73.00, -9.00, -185.00
2003-10-29, 18:22:00.000, 302, 80.00, 63.00, -9.00, -181.00
2003-10-29, 18:23:00.000, 302, 74.00, 57.00, -9.00, -185.00
2003-10-29, 18:24:00.000, 302, 68.00, 56.00, -9.00, -184.00
2003-10-29, 18:25:00.000, 302, 60.00, 52.00, -8.00, -182.00
2003-10-29, 18:26:00.000, 302, 52.00, 50.00, -8.00, -183.00
2003-10-29, 18:27:00.000, 302, 47.00, 50.00, -9.00, -181.00
2003-10-29, 18:28:00.000, 302, 44.00, 48.00, -8.00, -183.00
2003-10-29, 18:29:00.000, 302, 42.00, 64.00, -7.00, -182.00
2003-10-29, 18:30:00.000, 302, 42.00, 72.00, -6.00, -181.00
2003-10-29, 18:31:00.000, 302, 43.00, 77.00, -6.00, -182.00
2003-10-29, 18:32:00.000, 302, 44.00, 71.00, -6.00, -185.00
2003-10-29, 18:33:00.000, 302, 50.00, 74.00, -6.00, -185.00
2003-10-29, 18:34:00.000, 302, 56.00, 82.00, -6.00, -184.00
2003-10-29, 18:35:00.000, 302, 65.00, 91.00, -5.00, -186.00
2003-10-29, 18:36:00.000, 302, 70.00, 107.00, -4.00, -192.00
2003-10-29, 18:37:00.000, 302, 77.00, 114.00, -5.00, -195.00
2003-10-29, 18:38:00.000, 302, 87.00, 118.00, -5.00, -197.00
2003-10-29, 18:39:00.000, 302, 94.00, 125.00, -6.00, -200.00
2003-10-29, 18:40:00.000, 302, 103.00, 127.00, -8.00, -204.00
2003-10-29, 18:41:00.000, 302, 107.00, 120.00, -8.00, -205.00
2003-10-29, 18:42:00.000, 302, 106.00, 119.00, -9.00, -206.00
2003-10-29, 18:43:00.000, 302, 103.00, 118.00, -8.00, -210.00
2003-10-29, 18:44:00.000, 302, 90.00, 118.00, -7.00, -213.00
2003-10-29, 18:45:00.000, 302, 76.00, 118.00, -5.00, -216.00
2003-10-29, 18:46:00.000, 302, 75.00, 119.00, -4.00, -218.00
2003-10-29, 18:47:00.000, 302, 73.00, 117.00, -4.00, -220.00
2003-10-29, 18:48:00.000, 302, 70.00, 116.00, -4.00, -221.00
2003-10-29, 18:49:00.000, 302, 68.00, 118.00, -4.00, -222.00
2003-10-29, 18:50:00.000, 302, 66.00, 118.00, -5.00, -221.00
2003-10-29, 18:51:00.000, 302, 68.00, 116.00, -6.00, -220.00
2003-10-29, 18:52:00.000, 302, 70.00, 124.00, -6.00, -218.00
2003-10-29, 18:53:00.000, 302, 82.00, 135.00, -8.00, -213.00
2003-10-29, 18:54:00.000, 302, 92.00, 141.00, 11.00, -212.00
2003-10-29, 18:55:00.000, 302, 94.00, 162.00, 10.00, -216.00
2003-10-29, 18:56:00.000, 302, 75.00, 156.00, -8.00, -229.00
2003-10-29, 18:57:00.000, 302, 65.00, 160.00, -7.00, -236.00
2003-10-29, 18:58:00.000, 302, 72.00, 133.00, -7.00, -228.00
2003-10-29, 18:59:00.000, 302, 70.00, 115.00, -9.00, -221.00
2003-10-29, 19:00:00.000, 302, 74.00, 129.00, 11.00, -217.00
2003-10-29, 19:01:00.000, 302, 84.00, 141.00, 12.00, -220.00
2003-10-29, 19:02:00.000, 302, 94.00, 146.00, 13.00, -221.00
2003-10-29, 19:03:00.000, 302, 102.00, 153.00, 14.00, -218.00
2003-10-29, 19:04:00.000, 302, 110.00, 157.00, 15.00, -219.00
2003-10-29, 19:05:00.000, 302, 116.00, 170.00, 16.00, -221.00
2003-10-29, 19:06:00.000, 302, 122.00, 162.00, 18.00, -226.00
2003-10-29, 19:07:00.000, 302, 128.00, 164.00, 21.00, -231.00
2003-10-29, 19:08:00.000, 302, 133.00, 163.00, 24.00, -235.00
2003-10-29, 19:09:00.000, 302, 133.00, 154.00, 27.00, -241.00
2003-10-29, 19:10:00.000, 302, 132.00, 159.00, 26.00, -246.00
2003-10-29, 19:11:00.000, 302, 127.00, 163.00, 26.00, -248.00
2003-10-29, 19:12:00.000, 302, 124.00, 180.00, 25.00, -248.00
2003-10-29, 19:13:00.000, 302, 123.00, 192.00, 24.00, -247.00
2003-10-29, 19:14:00.000, 302, 123.00, 198.00, 26.00, -242.00
2003-10-29, 19:15:00.000, 302, 124.00, 215.00, 27.00, -230.00
2003-10-29, 19:16:00.000, 302, 125.00, 232.00, 31.00, -219.00
2003-10-29, 19:17:00.000, 302, 159.00, 277.00, 29.00, -211.00
2003-10-29, 19:18:00.000, 302, 178.00, 307.00, 29.00, -210.00
2003-10-29, 19:19:00.000, 302, 182.00, 316.00, 25.00, -212.00
2003-10-29, 19:20:00.000, 302, 169.00, 329.00, 19.00, -210.00
2003-10-29, 19:21:00.000, 302, 145.00, 332.00, 16.00, -208.00
2003-10-29, 19:22:00.000, 302, 144.00, 340.00, 10.00, -216.00
2003-10-29, 19:23:00.000, 302, 152.00, 321.00, -6.00, -221.00
2003-10-29, 19:24:00.000, 302, 158.00, 321.00, -2.00, -218.00
2003-10-29, 19:25:00.000, 302, 167.00, 335.00, 3.00, -218.00
2003-10-29, 19:26:00.000, 302, 177.00, 354.00, 8.00, -217.00
2003-10-29, 19:27:00.000, 302, 178.00, 396.00, 11.00, -219.00
2003-10-29, 19:28:00.000, 302, 177.00, 402.00, 11.00, -223.00
2003-10-29, 19:29:00.000, 302, 178.00, 383.00, 10.00, -224.00
2003-10-29, 19:30:00.000, 302, 176.00, 392.00, 10.00, -222.00
2003-10-29, 19:31:00.000, 302, 188.00, 409.00, 10.00, -220.00
2003-10-29, 19:32:00.000, 302, 212.00, 400.00, 10.00, -219.00
2003-10-29, 19:33:00.000, 302, 228.00, 427.00, 9.00, -214.00
2003-10-29, 19:34:00.000, 302, 248.00, 466.00, 9.00, -211.00
2003-10-29, 19:35:00.000, 302, 273.00, 519.00, 11.00, -205.00
2003-10-29, 19:36:00.000, 302, 298.00, 563.00, 14.00, -197.00
2003-10-29, 19:37:00.000, 302, 314.00, 582.00, 18.00, -186.00
2003-10-29, 19:38:00.000, 302, 314.00, 626.00, 21.00, -178.00
2003-10-29, 19:39:00.000, 302, 313.00, 675.00, 21.00, -171.00
2003-10-29, 19:40:00.000, 302, 313.00, 725.00, 19.00, -163.00
2003-10-29, 19:41:00.000, 302, 316.00, 728.00, 18.00, -163.00
2003-10-29, 19:42:00.000, 302, 317.00, 697.00, 16.00, -166.00
2003-10-29, 19:43:00.000, 302, 315.00, 667.00, 14.00, -177.00
2003-10-29, 19:44:00.000, 302, 321.00, 643.00, 15.00, -185.00
2003-10-29, 19:45:00.000, 302, 334.00, 572.00, 16.00, -196.00
2003-10-29, 19:46:00.000, 302, 341.00, 537.00, 16.00, -202.00
2003-10-29, 19:47:00.000, 302, 355.00, 527.00, 17.00, -205.00
2003-10-29, 19:48:00.000, 302, 339.00, 516.00, 34.00, -189.00
2003-10-29, 19:49:00.000, 302, 360.00, 539.00, 35.00, -180.00
2003-10-29, 19:50:00.000, 302, 380.00, 576.00, 34.00, -168.00
2003-10-29, 19:51:00.000, 302, 394.00, 609.00, 31.00, -155.00
2003-10-29, 19:52:00.000, 302, 406.00, 613.00, 26.00, -150.00
2003-10-29, 19:53:00.000, 302, 412.00, 601.00, 22.00, -148.00
2003-10-29, 19:54:00.000, 302, 417.00, 587.00, 18.00, -140.00
2003-10-29, 19:55:00.000, 302, 429.00, 619.00, 13.00, -135.00
2003-10-29, 19:56:00.000, 302, 434.00, 619.00, 11.00, -135.00
2003-10-29, 19:57:00.000, 302, 437.00, 502.00, -9.00, -113.00
2003-10-29, 19:58:00.000, 302, 427.00, 266.00, 8.00, -25.00
2003-10-29, 19:59:00.000, 302, 414.00, 278.00, 10.00, -21.00
2003-10-29, 20:00:00.000, 302, 402.00, 410.00, -5.00, -69.00
2003-10-29, 20:01:00.000, 302, 388.00, 689.00, -3.00, -153.00
2003-10-29, 20:02:00.000, 302, 374.00, 735.00, -4.00, -145.00
2003-10-29, 20:03:00.000, 302, 359.00, 763.00, -5.00, -142.00
2003-10-29, 20:04:00.000, 302, 339.00, 788.00, -9.00, -136.00
2003-10-29, 20:05:00.000, 302, 326.00, 836.00, 13.00, -127.00
2003-10-29, 20:06:00.000, 302, 315.00, 857.00, 20.00, -128.00
2003-10-29, 20:07:00.000, 302, 300.00, 841.00, 27.00, -132.00
2003-10-29, 20:08:00.000, 302, 289.00, 812.00, 27.00, -137.00
2003-10-29, 20:09:00.000, 302, 292.00, 795.00, 23.00, -140.00
2003-10-29, 20:10:00.000, 302, 290.00, 781.00, 17.00, -150.00
2003-10-29, 20:11:00.000, 302, 279.00, 755.00, 14.00, -155.00
2003-10-29, 20:12:00.000, 302, 268.00, 717.00, 17.00, -162.00
2003-10-29, 20:13:00.000, 302, 253.00, 696.00, 19.00, -169.00
2003-10-29, 20:14:00.000, 302, 235.00, 673.00, 18.00, -172.00
2003-10-29, 20:15:00.000, 302, 215.00, 649.00, 16.00, -181.00
2003-10-29, 20:16:00.000, 302, 197.00, 647.00, 13.00, -187.00
2003-10-29, 20:17:00.000, 302, 176.00, 605.00, 11.00, -191.00
2003-10-29, 20:18:00.000, 302, 177.00, 600.00, 10.00, -192.00
2003-10-29, 20:19:00.000, 302, 191.00, 582.00, -8.00, -198.00
2003-10-29, 20:20:00.000, 302, 193.00, 567.00, -8.00, -199.00
2003-10-29, 20:21:00.000, 302, 176.00, 581.00, 11.00, -199.00
2003-10-29, 20:22:00.000, 302, 144.00, 592.00, 16.00, -202.00
2003-10-29, 20:23:00.000, 302, 121.00, 618.00, 17.00, -201.00
2003-10-29, 20:24:00.000, 302, 119.00, 642.00, 17.00, -198.00
2003-10-29, 20:25:00.000, 302, 119.00, 659.00, 18.00, -196.00
2003-10-29, 20:26:00.000, 302, 118.00, 680.00, 17.00, -199.00
2003-10-29, 20:27:00.000, 302, 115.00, 663.00, 14.00, -199.00
2003-10-29, 20:28:00.000, 302, 117.00, 672.00, 12.00, -199.00
2003-10-29, 20:29:00.000, 302, 122.00, 670.00, 11.00, -198.00
2003-10-29, 20:30:00.000, 302, 150.00, 653.00, -7.00, -205.00
2003-10-29, 20:31:00.000, 302, 189.00, 617.00, -1.00, -223.00
2003-10-29, 20:32:00.000, 302, 190.00, 602.00, 5.00, -245.00
2003-10-29, 20:33:00.000, 302, 195.00, 529.00, 9.00, -260.00
2003-10-29, 20:34:00.000, 302, 189.00, 488.00, 9.00, -254.00
2003-10-29, 20:35:00.000, 302, 178.00, 508.00, 5.00, -249.00
2003-10-29, 20:36:00.000, 302, 163.00, 513.00, 3.00, -248.00
2003-10-29, 20:37:00.000, 302, 146.00, 509.00, 2.00, -251.00
2003-10-29, 20:38:00.000, 302, 141.00, 506.00, 1.00, -250.00
2003-10-29, 20:39:00.000, 302, 147.00, 507.00, -1.00, -252.00
2003-10-29, 20:40:00.000, 302, 160.00, 493.00, -6.00, -250.00
2003-10-29, 20:41:00.000, 302, 175.00, 515.00, 12.00, -231.00
2003-10-29, 20:42:00.000, 302, 190.00, 539.00, 21.00, -221.00
2003-10-29, 20:43:00.000, 302, 193.00, 525.00, 25.00, -211.00
2003-10-29, 20:44:00.000, 302, 192.00, 546.00, 26.00, -204.00
2003-10-29, 20:45:00.000, 302, 186.00, 537.00, 22.00, -208.00
2003-10-29, 20:46:00.000, 302, 182.00, 563.00, 20.00, -195.00
2003-10-29, 20:47:00.000, 302, 188.00, 559.00, 21.00, -200.00
2003-10-29, 20:48:00.000, 302, 190.00, 521.00, 21.00, -209.00
2003-10-29, 20:49:00.000, 302, 190.00, 502.00, 22.00, -204.00
2003-10-29, 20:50:00.000, 302, 194.00, 514.00, 25.00, -182.00
2003-10-29, 20:51:00.000, 302, 201.00, 539.00, 30.00, -173.00
2003-10-29, 20:52:00.000, 302, 207.00, 555.00, 34.00, -165.00
2003-10-29, 20:53:00.000, 302, 211.00, 535.00, 39.00, -166.00
2003-10-29, 20:54:00.000, 302, 207.00, 557.00, 41.00, -149.00
2003-10-29, 20:55:00.000, 302, 203.00, 583.00, 43.00, -141.00
2003-10-29, 20:56:00.000, 302, 196.00, 584.00, 43.00, -140.00
2003-10-29, 20:57:00.000, 302, 186.00, 597.00, 43.00, -137.00
2003-10-29, 20:58:00.000, 302, 180.00, 601.00, 43.00, -140.00
2003-10-29, 20:59:00.000, 302, 169.00, 607.00, 42.00, -143.00
2003-10-29, 21:00:00.000, 302, 162.00, 591.00, 43.00, -152.00
2003-10-29, 21:01:00.000, 302, 177.00, 588.00, 45.00, -149.00
2003-10-29, 21:02:00.000, 302, 204.00, 586.00, 50.00, -150.00
2003-10-29, 21:03:00.000, 302, 209.00, 535.00, 50.00, -161.00
2003-10-29, 21:04:00.000, 302, 200.00, 499.00, 49.00, -170.00
2003-10-29, 21:05:00.000, 302, 190.00, 482.00, 47.00, -174.00
2003-10-29, 21:06:00.000, 302, 171.00, 457.00, 41.00, -179.00
2003-10-29, 21:07:00.000, 302, 281.00, 446.00, 11.00, -163.00
2003-10-29, 21:08:00.000, 302, 289.00, 433.00, 12.00, -166.00
2003-10-29, 21:09:00.000, 302, 286.00, 418.00, 10.00, -170.00
2003-10-29, 21:10:00.000, 302, 290.00, 405.00, 11.00, -175.00
2003-10-29, 21:11:00.000, 302, 283.00, 384.00, -7.00, -180.00
2003-10-29, 21:12:00.000, 302, 164.00, 379.00, 42.00, -182.00
2003-10-29, 21:13:00.000, 302, 147.00, 377.00, 41.00, -182.00
2003-10-29, 21:14:00.000, 302, 145.00, 376.00, 43.00, -182.00
2003-10-29, 21:15:00.000, 302, 153.00, 360.00, 49.00, -184.00
2003-10-29, 21:16:00.000, 302, 155.00, 336.00, 52.00, -190.00
2003-10-29, 21:17:00.000, 302, 157.00, 340.00, 56.00, -190.00
2003-10-29, 21:18:00.000, 302, 158.00, 316.00, 60.00, -195.00
2003-10-29, 21:19:00.000, 302, 150.00, 310.00, 61.00, -197.00
2003-10-29, 21:20:00.000, 302, 158.00, 300.00, 64.00, -200.00
2003-10-29, 21:21:00.000, 302, 169.00, 273.00, 67.00, -206.00
2003-10-29, 21:22:00.000, 302, 172.00, 235.00, 67.00, -212.00
2003-10-29, 21:23:00.000, 302, 172.00, 202.00, 71.00, -216.00
2003-10-29, 21:24:00.000, 302, 162.00, 176.00, 57.00, -235.00
2003-10-29, 21:25:00.000, 302, 160.00, 174.00, 46.00, -238.00
2003-10-29, 21:26:00.000, 302, 257.00, 166.00, 25.00, -219.00
2003-10-29, 21:27:00.000, 302, 256.00, 165.00, 25.00, -218.00
2003-10-29, 21:28:00.000, 302, 262.00, 173.00, 27.00, -216.00
2003-10-29, 21:29:00.000, 302, 265.00, 160.00, 27.00, -219.00
2003-10-29, 21:30:00.000, 302, 261.00, 146.00, 27.00, -221.00
2003-10-29, 21:31:00.000, 302, 260.00, 146.00, 25.00, -221.00
2003-10-29, 21:32:00.000, 302, 262.00, 147.00, 24.00, -221.00
2003-10-29, 21:33:00.000, 302, 266.00, 144.00, 23.00, -223.00
2003-10-29, 21:34:00.000, 302, 263.00, 134.00, 20.00, -227.00
2003-10-29, 21:35:00.000, 302, 263.00, 135.00, 18.00, -227.00
2003-10-29, 21:36:00.000, 302, 138.00, 163.00, 44.00, -253.00
2003-10-29, 21:37:00.000, 302, 133.00, 170.00, 42.00, -253.00
2003-10-29, 21:38:00.000, 302, 259.00, 144.00, 15.00, -227.00
2003-10-29, 21:39:00.000, 302, 262.00, 137.00, 17.00, -228.00
2003-10-29, 21:40:00.000, 302, 262.00, 137.00, 18.00, -228.00
2003-10-29, 21:41:00.000, 302, 266.00, 138.00, 20.00, -228.00
2003-10-29, 21:42:00.000, 302, 264.00, 141.00, 20.00, -229.00
2003-10-29, 21:43:00.000, 302, 268.00, 138.00, 21.00, -231.00
2003-10-29, 21:44:00.000, 302, 271.00, 137.00, 21.00, -233.00
2003-10-29, 21:45:00.000, 302, 269.00, 135.00, 20.00, -235.00
2003-10-29, 21:46:00.000, 302, 271.00, 130.00, 20.00, -238.00
2003-10-29, 21:47:00.000, 302, 267.00, 129.00, 18.00, -240.00
2003-10-29, 21:48:00.000, 302, 137.00, 128.00, 44.00, -265.00
2003-10-29, 21:49:00.000, 302, 133.00, 124.00, 43.00, -267.00
2003-10-29, 21:50:00.000, 302, 130.00, 116.00, 42.00, -269.00
2003-10-29, 21:51:00.000, 302, 134.00, 89.00, 40.00, -276.00
2003-10-29, 21:52:00.000, 302, 142.00, 75.00, 40.00, -277.00
2003-10-29, 21:53:00.000, 302, 141.00, 68.00, 39.00, -277.00
2003-10-29, 21:54:00.000, 302, 140.00, 63.00, 37.00, -279.00
2003-10-29, 21:55:00.000, 302, 140.00, 62.00, 37.00, -280.00
2003-10-29, 21:56:00.000, 302, 140.00, 66.00, 37.00, -279.00
2003-10-29, 21:57:00.000, 302, 137.00, 64.00, 36.00, -283.00
2003-10-29, 21:58:00.000, 302, 133.00, 65.00, 32.00, -285.00
2003-10-29, 21:59:00.000, 302, 132.00, 67.00, 30.00, -286.00
2003-10-29, 22:00:00.000, 302, 132.00, 72.00, 30.00, -284.00
2003-10-29, 22:01:00.000, 302, 129.00, 81.00, 29.00, -283.00
2003-10-29, 22:02:00.000, 302, 132.00, 85.00, 29.00, -280.00
2003-10-29, 22:03:00.000, 302, 129.00, 89.00, 28.00, -278.00
2003-10-29, 22:04:00.000, 302, 126.00, 97.00, 28.00, -277.00
2003-10-29, 22:05:00.000, 302, 124.00, 99.00, 26.00, -274.00
2003-10-29, 22:06:00.000, 302, 130.00, 95.00, 26.00, -272.00
2003-10-29, 22:07:00.000, 302, 126.00, 97.00, 26.00, -272.00
2003-10-29, 22:08:00.000, 302, 130.00, 92.00, 24.00, -278.00
2003-10-29, 22:09:00.000, 302, 135.00, 80.00, 22.00, -280.00
2003-10-29, 22:10:00.000, 302, 145.00, 88.00, 21.00, -280.00
2003-10-29, 22:11:00.000, 302, 141.00, 97.00, 20.00, -275.00
2003-10-29, 22:12:00.000, 302, 129.00, 115.00, 19.00, -272.00
2003-10-29, 22:13:00.000, 302, 116.00, 136.00, 18.00, -270.00
2003-10-29, 22:14:00.000, 302, 105.00, 149.00, 19.00, -268.00
2003-10-29, 22:15:00.000, 302, 89.00, 168.00, 15.00, -268.00
2003-10-29, 22:16:00.000, 302, 77.00, 197.00, 13.00, -262.00
2003-10-29, 22:17:00.000, 302, 84.00, 206.00, 13.00, -266.00
2003-10-29, 22:18:00.000, 302, 80.00, 204.00, 13.00, -267.00
2003-10-29, 22:19:00.000, 302, 74.00, 220.00, 12.00, -263.00
2003-10-29, 22:20:00.000, 302, 66.00, 245.00, 12.00, -260.00
2003-10-29, 22:21:00.000, 302, 55.00, 229.00, 14.00, -263.00
2003-10-29, 22:22:00.000, 302, 54.00, 205.00, 13.00, -268.00
2003-10-29, 22:23:00.000, 302, 64.00, 191.00, 12.00, -270.00
2003-10-29, 22:24:00.000, 302, 59.00, 176.00, 13.00, -267.00
2003-10-29, 22:25:00.000, 302, 59.00, 177.00, 14.00, -269.00
2003-10-29, 22:26:00.000, 302, 70.00, 173.00, 17.00, -271.00
2003-10-29, 22:27:00.000, 302, 67.00, 166.00, 18.00, -274.00
2003-10-29, 22:28:00.000, 302, 71.00, 168.00, 20.00, -276.00
2003-10-29, 22:29:00.000, 302, 75.00, 170.00, 22.00, -275.00
2003-10-29, 22:30:00.000, 302, 81.00, 172.00, 25.00, -276.00
2003-10-29, 22:31:00.000, 302, 94.00, 175.00, 29.00, -277.00
2003-10-29, 22:32:00.000, 302, 95.00, 178.00, 31.00, -281.00
2003-10-29, 22:33:00.000, 302, 95.00, 174.00, 33.00, -285.00
2003-10-29, 22:34:00.000, 302, 88.00, 171.00, 34.00, -287.00
2003-10-29, 22:35:00.000, 302, 76.00, 175.00, 35.00, -288.00
2003-10-29, 22:36:00.000, 302, 76.00, 173.00, 36.00, -290.00
2003-10-29, 22:37:00.000, 302, 71.00, 177.00, 38.00, -287.00
2003-10-29, 22:38:00.000, 302, 80.00, 189.00, 41.00, -286.00
2003-10-29, 22:39:00.000, 302, 80.00, 194.00, 43.00, -287.00
2003-10-29, 22:40:00.000, 302, 78.00, 197.00, 45.00, -286.00
2003-10-29, 22:41:00.000, 302, 75.00, 207.00, 45.00, -284.00
2003-10-29, 22:42:00.000, 302, 70.00, 212.00, 44.00, -279.00
2003-10-29, 22:43:00.000, 302, 66.00, 219.00, 44.00, -279.00
2003-10-29, 22:44:00.000, 302, 68.00, 222.00, 45.00, -279.00
2003-10-29, 22:45:00.000, 302, 71.00, 227.00, 48.00, -278.00
2003-10-29, 22:46:00.000, 302, 79.00, 236.00, 49.00, -281.00
2003-10-29, 22:47:00.000, 302, 77.00, 236.00, 51.00, -281.00
2003-10-29, 22:48:00.000, 302, 91.00, 239.00, 54.00, -282.00
2003-10-29, 22:49:00.000, 302, 108.00, 240.00, 59.00, -288.00
2003-10-29, 22:50:00.000, 302, 121.00, 239.00, 58.00, -292.00
2003-10-29, 22:51:00.000, 302, 136.00, 240.00, 56.00, -294.00
2003-10-29, 22:52:00.000, 302, 143.00, 238.00, 54.00, -294.00
2003-10-29, 22:53:00.000, 302, 146.00, 230.00, 54.00, -296.00
2003-10-29, 22:54:00.000, 302, 141.00, 227.00, 54.00, -301.00
2003-10-29, 22:55:00.000, 302, 136.00, 213.00, 54.00, -301.00
2003-10-29, 22:56:00.000, 302, 140.00, 210.00, 54.00, -302.00
2003-10-29, 22:57:00.000, 302, 142.00, 205.00, 57.00, -308.00
2003-10-29, 22:58:00.000, 302, 143.00, 194.00, 60.00, -311.00
2003-10-29, 22:59:00.000, 302, 139.00, 181.00, 64.00, -320.00
2003-10-29, 23:00:00.000, 302, 180.00, 145.00, 69.00, -330.00
2003-10-29, 23:01:00.000, 302, 166.00, 134.00, 69.00, -322.00
2003-10-29, 23:02:00.000, 302, 160.00, 154.00, 68.00, -323.00
2003-10-29, 23:03:00.000, 302, 146.00, 168.00, 63.00, -323.00
2003-10-29, 23:04:00.000, 302, 133.00, 184.00, 61.00, -323.00
2003-10-29, 23:05:00.000, 302, 130.00, 189.00, 61.00, -324.00
2003-10-29, 23:06:00.000, 302, 134.00, 189.00, 60.00, -328.00
2003-10-29, 23:07:00.000, 302, 134.00, 191.00, 61.00, -331.00
2003-10-29, 23:08:00.000, 302, 131.00, 194.00, 61.00, -333.00
2003-10-29, 23:09:00.000, 302, 133.00, 199.00, 60.00, -334.00
2003-10-29, 23:10:00.000, 302, 130.00, 202.00, 60.00, -335.00
2003-10-29, 23:11:00.000, 302, 124.00, 198.00, 61.00, -337.00
2003-10-29, 23:12:00.000, 302, 134.00, 225.00, 58.00, -322.00
2003-10-29, 23:13:00.000, 302, 142.00, 266.00, 53.00, -328.00
2003-10-29, 23:14:00.000, 302, 142.00, 286.00, 52.00, -335.00
2003-10-29, 23:15:00.000, 302, 137.00, 275.00, 52.00, -337.00
2003-10-29, 23:16:00.000, 302, 135.00, 260.00, 56.00, -338.00
2003-10-29, 23:17:00.000, 302, 136.00, 254.00, 57.00, -343.00
2003-10-29, 23:18:00.000, 302, 132.00, 239.00, 56.00, -342.00
2003-10-29, 23:19:00.000, 302, 135.00, 231.00, 57.00, -339.00
2003-10-29, 23:20:00.000, 302, 135.00, 225.00, 58.00, -338.00
2003-10-29, 23:21:00.000, 302, 143.00, 214.00, 59.00, -339.00
2003-10-29, 23:22:00.000, 302, 142.00, 207.00, 57.00, -338.00
2003-10-29, 23:23:00.000, 302, 148.00, 199.00, 58.00, -337.00
2003-10-29, 23:24:00.000, 302, 147.00, 202.00, 55.00, -335.00
2003-10-29, 23:25:00.000, 302, 159.00, 197.00, 55.00, -335.00
2003-10-29, 23:26:00.000, 302, 151.00, 197.00, 54.00, -336.00
2003-10-29, 23:27:00.000, 302, 152.00, 177.00, 54.00, -344.00
2003-10-29, 23:28:00.000, 302, 167.00, 152.00, 54.00, -346.00
2003-10-29, 23:29:00.000, 302, 173.00, 155.00, 53.00, -345.00
2003-10-29, 23:30:00.000, 302, 169.00, 170.00, 51.00, -344.00
2003-10-29, 23:31:00.000, 302, 173.00, 183.00, 51.00, -348.00
2003-10-29, 23:32:00.000, 302, 166.00, 194.00, 49.00, -351.00
2003-10-29, 23:33:00.000, 302, 166.00, 204.00, 50.00, -353.00
2003-10-29, 23:34:00.000, 302, 151.00, 210.00, 48.00, -354.00
2003-10-29, 23:35:00.000, 302, 148.00, 212.00, 48.00, -358.00
2003-10-29, 23:36:00.000, 302, 152.00, 215.00, 48.00, -356.00
2003-10-29, 23:37:00.000, 302, 159.00, 222.00, 51.00, -357.00
2003-10-29, 23:38:00.000, 302, 163.00, 219.00, 53.00, -362.00
2003-10-29, 23:39:00.000, 302, 165.00, 212.00, 53.00, -362.00
2003-10-29, 23:40:00.000, 302, 165.00, 201.00, 55.00, -364.00
2003-10-29, 23:41:00.000, 302, 166.00, 190.00, 55.00, -363.00
2003-10-29, 23:42:00.000, 302, 165.00, 177.00, 54.00, -363.00
2003-10-29, 23:43:00.000, 302, 163.00, 166.00, 53.00, -361.00
2003-10-29, 23:44:00.000, 302, 156.00, 155.00, 53.00, -364.00
2003-10-29, 23:45:00.000, 302, 151.00, 139.00, 54.00, -364.00
2003-10-29, 23:46:00.000, 302, 151.00, 131.00, 51.00, -363.00
2003-10-29, 23:47:00.000, 302, 148.00, 128.00, 49.00, -361.00
2003-10-29, 23:48:00.000, 302, 142.00, 139.00, 47.00, -360.00
2003-10-29, 23:49:00.000, 302, 131.00, 145.00, 45.00, -361.00
2003-10-29, 23:50:00.000, 302, 118.00, 140.00, 43.00, -360.00
2003-10-29, 23:51:00.000, 302, 112.00, 133.00, 43.00, -359.00
2003-10-29, 23:52:00.000, 302, 106.00, 132.00, 41.00, -359.00
2003-10-29, 23:53:00.000, 302, 104.00, 135.00, 39.00, -356.00
2003-10-29, 23:54:00.000, 302, 100.00, 142.00, 37.00, -354.00
2003-10-29, 23:55:00.000, 302, 92.00, 150.00, 34.00, -354.00
2003-10-29, 23:56:00.000, 302, 84.00, 151.00, 31.00, -354.00
2003-10-29, 23:57:00.000, 302, 78.00, 151.00, 28.00, -353.00
2003-10-29, 23:58:00.000, 302, 70.00, 153.00, 24.00, -350.00
2003-10-29, 23:59:00.000, 302, 63.00, 161.00, 20.00, -348.00